"Channel","Simulated","Experimental","Energy (keV)","16O (RBS)","17O (RBS)","18O (RBS)","28Si (RBS)","29Si (RBS)","30Si (RBS)","197Au (RBS)"
0,0,1091,20.601,0,0,0,0,0,0,0
1,0,0,22.3139,0,0,0,0,0,0,0
2,0,0,24.0269,0,0,0,0,0,0,0
3,0,0,25.7398,0,0,0,0,0,0,0
4,0,0,27.4528,0,0,0,0,0,0,0
5,0,0,29.1657,0,0,0,0,0,0,0
6,0,0,30.8786,0,0,0,0,0,0,0
7,0,0,32.5916,0,0,0,0,0,0,0
8,0,0,34.3045,0,0,0,0,0,0,0
9,0,0,36.0175,0,0,0,0,0,0,0
10,0,0,37.7304,0,0,0,0,0,0,0
11,0,0,39.4434,0,0,0,0,0,0,0
12,0,0,41.1563,0,0,0,0,0,0,0
13,0,0,42.8693,0,0,0,0,0,0,0
14,0,0,44.5822,0,0,0,0,0,0,0
15,0,0,46.2952,0,0,0,0,0,0,0
16,1.086472e-06,0,48.0081,0,0,0,0,4.451356e-07,6.413366e-07,0
17,2.807205e-04,0,49.7211,0,0,0,2.391882e-04,1.928839e-05,2.224386e-05,0
18,1.009888e-03,0,51.434,0,0,0,8.774477e-04,6.616786e-05,6.627288e-05,0
19,2.646252e-03,0,53.147,0,0,0,2.349003e-03,1.611081e-04,1.361407e-04,0
20,5.900963e-03,0,54.8599,0,0,0,5.301265e-03,3.263675e-04,2.733303e-04,0
21,1.179775e-02,0,56.5729,0,0,0,1.061434e-02,6.471723e-04,5.362342e-04,0
22,2.293854e-02,0,58.2858,0,0,0,2.067576e-02,1.246119e-03,1.016659e-03,0
23,4.369471e-02,0,59.9988,0,0,0,3.945349e-02,2.350719e-03,1.890503e-03,0
24,8.156720e-02,0,61.7117,0,0,0,7.377207e-02,4.347094e-03,3.448039e-03,0
25,1.492386e-01,0,63.4246,0,0,0,1.351910e-01,7.881019e-03,6.166640e-03,0
26,2.675527e-01,0,65.1376,0,0,0,2.427304e-01,1.400766e-02,1.081470e-02,0
27,4.701026e-01,0,66.8505,0,0,0,4.270985e-01,2.440560e-02,1.859854e-02,0
28,8.094585e-01,0,68.5635,0,0,0,7.364110e-01,4.168206e-02,3.136546e-02,0
29,1.365921e+00,0,70.2764,0,0,0,1.244263e+00,6.978441e-02,5.187375e-02,0
30,2.258843e+00,0,71.9894,0,0,0,2.060178e+00,1.145315e-01,8.413322e-02,0
31,3.660890e+00,0,73.7023,0,0,0,3.342796e+00,1.842711e-01,1.338229e-01,0
32,5.814805e+00,0,75.4153,0,0,0,5.315401e+00,2.906456e-01,2.087587e-01,0
33,9.051891e+00,0,77.1282,0,0,0,8.283082e+00,4.494183e-01,3.193909e-01,0
34,1.381035e+01,0,78.8412,0,0,0,1.264980e+01,6.812815e-01,4.792668e-01,0
35,2.065089e+01,0,80.5541,0,0,0,1.893300e+01,1.012511e+00,7.053799e-01,0
36,3.026554e+01,0,82.2671,0,0,0,2.777195e+01,1.475295e+00,1.018297e+00,0
37,4.347510e+01,0,83.98,0,0,0,3.992564e+01,2.107524e+00,1.441940e+00,0
38,6.120994e+01,0,85.693,0,0,0,5.625523e+01,2.951821e+00,2.002887e+00,0
39,8.446925e+01,0,87.4059,0,0,0,7.768657e+01,4.053588e+00,2.729098e+00,0
40,1.142553e+02,0,89.1189,0,0,0,1.051494e+02,5.457957e+00,3.647982e+00,0
41,1.514819e+02,0,90.8318,0,0,0,1.394925e+02,7.205596e+00,4.783814e+00,0
42,1.968590e+02,0,92.5448,0,0,0,1.813768e+02,9.327539e+00,6.154634e+00,0
43,2.507632e+02,0,94.2577,0,0,0,2.311550e+02,1.183939e+01,7.768812e+00,0
44,3.131036e+02,0,95.9706,0,0,0,2.887466e+02,1.473543e+01,9.621652e+00,0
45,3.832027e+02,0,97.6836,0,0,0,3.535268e+02,1.798348e+01,1.169244e+01,0
46,4.597093e+02,0,99.3965,0,0,0,4.242457e+02,2.152117e+01,1.394243e+01,0
47,5.407889e+02,0,101.109,0,0,0,4.992142e+02,2.525837e+01,1.631625e+01,0
48,6.244912e+02,0,102.822,0,0,0,5.766026e+02,2.911315e+01,1.877540e+01,0
49,7.087460e+02,0,104.535,0,0,0,6.544635e+02,3.300443e+01,2.127808e+01,0
50,7.916190e+02,0,106.248,0,0,0,7.310057e+02,3.684837e+01,2.376489e+01,0
51,8.713202e+02,0,107.961,0,0,0,8.046067e+02,4.055151e+01,2.616204e+01,0
52,9.456863e+02,0,109.674,0,0,0,8.732711e+02,4.400634e+01,2.840891e+01,0
53,1.012960e+03,0,111.387,0,0,0,9.353586e+02,4.713777e+01,3.046372e+01,0
54,1.071880e+03,0,113.1,0,0,0,9.896764e+02,4.990006e+01,3.230362e+01,0
55,1.121738e+03,0,114.813,0,0,0,1.035580e+03,5.225744e+01,3.390099e+01,0
56,1.162422e+03,1,116.526,0,0,0,1.072979e+03,5.420024e+01,3.524322e+01,0
57,1.194303e+03,0,118.239,0,0,0,1.102229e+03,5.574104e+01,3.633293e+01,0
58,1.218107e+03,0,119.952,0,0,0,1.124012e+03,5.691028e+01,3.718448e+01,0
59,1.234827e+03,0,121.665,0,0,0,1.139257e+03,5.775020e+01,3.781992e+01,0
60,1.245555e+03,0,123.378,0,0,0,1.148981e+03,5.830818e+01,3.826583e+01,0
61,1.251380e+03,2,125.091,0,0,0,1.154197e+03,5.863235e+01,3.855046e+01,0
62,1.253316e+03,2,126.804,0,0,0,1.155846e+03,5.876822e+01,3.870152e+01,0
63,1.252257e+03,1,128.517,0,0,0,1.154755e+03,5.875636e+01,3.874493e+01,0
64,1.248950e+03,2,130.23,0,0,0,1.151614e+03,5.863174e+01,3.870419e+01,0
65,1.244004e+03,2,131.943,0,0,0,1.146980e+03,5.842388e+01,3.860025e+01,0
66,1.237930e+03,4,133.655,0,0,0,1.141322e+03,5.815768e+01,3.845037e+01,0
67,1.231121e+03,8,135.368,0,0,0,1.135000e+03,5.785239e+01,3.826827e+01,0
68,1.223866e+03,3,137.081,0,0,0,1.128279e+03,5.752236e+01,3.806441e+01,0
69,1.216370e+03,6,138.794,0,0,0,1.121346e+03,5.717777e+01,3.784651e+01,0
70,1.208769e+03,10,140.507,0,0,0,1.114323e+03,5.682560e+01,3.762000e+01,0
71,1.201141e+03,11,142.22,0,0,0,1.107283e+03,5.647027e+01,3.738855e+01,0
72,1.193534e+03,15,143.933,0,0,0,1.100264e+03,5.611443e+01,3.715553e+01,0
73,1.185989e+03,19,145.646,0,0,0,1.093305e+03,5.576102e+01,3.692333e+01,0
74,1.178545e+03,26,147.359,0,0,0,1.086440e+03,5.541202e+01,3.669347e+01,0
75,1.171227e+03,32,149.072,0,0,0,1.079691e+03,5.506860e+01,3.646695e+01,0
76,1.164046e+03,31,150.785,0,0,0,1.073071e+03,5.473144e+01,3.624416e+01,0
77,1.157004e+03,60,152.498,0,0,0,1.066578e+03,5.440061e+01,3.602498e+01,0
78,1.150093e+03,57,154.211,0,0,0,1.060208e+03,5.407558e+01,3.580928e+01,0
79,1.143302e+03,50,155.924,0,0,0,1.053949e+03,5.375585e+01,3.559684e+01,0
80,1.136615e+03,80,157.637,0,0,0,1.047786e+03,5.344109e+01,3.538811e+01,0
81,1.130043e+03,110,159.35,0,0,0,1.041728e+03,5.313192e+01,3.518337e+01,0
82,1.123594e+03,110,161.063,0,0,0,1.035783e+03,5.282867e+01,3.498271e+01,0
83,1.117273e+03,149,162.776,0,0,0,1.029955e+03,5.253146e+01,3.478613e+01,0
84,1.111080e+03,188,164.489,0,0,0,1.024246e+03,5.224022e+01,3.459347e+01,0
85,1.105010e+03,205,166.201,0,0,0,1.018651e+03,5.195471e+01,3.440425e+01,0
86,1.099050e+03,220,167.914,0,0,0,1.013158e+03,5.167425e+01,3.421812e+01,0
87,1.093190e+03,290,169.627,0,0,0,1.007757e+03,5.139818e+01,3.403482e+01,0
88,1.087417e+03,302,171.34,0,0,0,1.002436e+03,5.112636e+01,3.385461e+01,0
89,1.081742e+03,317,173.053,0,0,0,9.972050e+02,5.085918e+01,3.367764e+01,0
90,1.076168e+03,374,174.766,0,0,0,9.920672e+02,5.059686e+01,3.350389e+01,0
91,1.070697e+03,434,176.479,0,0,0,9.870246e+02,5.033940e+01,3.333336e+01,0
92,1.065330e+03,464,178.192,0,0,0,9.820772e+02,5.008669e+01,3.316588e+01,0
93,1.060059e+03,491,179.905,0,0,0,9.772197e+02,4.983852e+01,3.300105e+01,0
94,1.054874e+03,543,181.618,0,0,0,9.724409e+02,4.959427e+01,3.283861e+01,0
95,1.049764e+03,576,183.331,0,0,0,9.677323e+02,4.935340e+01,3.267826e+01,0
96,1.044719e+03,641,185.044,0,0,0,9.630834e+02,4.911570e+01,3.252024e+01,0
97,1.039747e+03,684,186.757,0,0,0,9.585010e+02,4.888153e+01,3.236470e+01,0
98,1.034852e+03,663,188.47,0,0,0,9.539890e+02,4.865107e+01,3.221172e+01,0
99,1.030035e+03,780,190.183,0,0,0,9.495489e+02,4.842436e+01,3.206135e+01,0
100,1.025296e+03,767,191.896,0,0,0,9.451813e+02,4.820141e+01,3.191348e+01,0
101,1.020632e+03,807,193.609,0,0,0,9.408820e+02,4.798205e+01,3.176788e+01,0
102,1.016033e+03,807,195.322,0,0,0,9.366432e+02,4.776579e+01,3.162438e+01,0
103,1.011494e+03,840,197.035,0,0,0,9.324592e+02,4.755236e+01,3.148260e+01,0
104,1.007004e+03,880,198.747,0,0,0,9.283202e+02,4.734135e+01,3.134273e+01,0
105,1.002571e+03,912,200.46,0,0,0,9.242328e+02,4.713314e+01,3.120493e+01,0
106,9.981996e+02,905,202.173,0,0,0,9.202023e+02,4.692795e+01,3.106934e+01,0
107,9.938950e+02,922,203.886,0,0,0,9.162331e+02,4.672594e+01,3.093599e+01,0
108,9.896594e+02,940,205.599,0,0,0,9.123274e+02,4.652721e+01,3.080481e+01,0
109,9.854906e+02,934,207.312,0,0,0,9.084832e+02,4.633163e+01,3.067575e+01,0
110,9.813865e+02,942,209.025,0,0,0,9.046989e+02,4.613904e+01,3.054852e+01,0
111,9.773400e+02,891,210.738,0,0,0,9.009680e+02,4.594914e+01,3.042291e+01,0
112,9.733422e+02,952,212.451,0,0,0,8.972819e+02,4.576146e+01,3.029879e+01,0
113,9.693959e+02,991,214.164,0,0,0,8.936434e+02,4.557615e+01,3.017634e+01,0
114,9.655075e+02,946,215.877,0,0,0,8.900584e+02,4.539349e+01,3.005568e+01,0
115,9.616814e+02,963,217.59,0,0,0,8.865309e+02,4.521365e+01,2.993686e+01,0
116,9.579180e+02,965,219.303,0,0,0,8.830614e+02,4.503667e+01,2.981992e+01,0
117,9.542172e+02,972,221.016,0,0,0,8.796499e+02,4.486254e+01,2.970476e+01,0
118,9.505762e+02,986,222.729,8.214848e-07,0,0,8.762938e+02,4.469113e+01,2.959125e+01,0
119,9.469864e+02,945,224.442,3.212589e-06,0,0,8.729851e+02,4.452205e+01,2.947923e+01,0
120,9.434424e+02,977,226.155,9.302594e-06,0,0,8.697189e+02,4.435509e+01,2.936841e+01,0
121,9.399367e+02,876,227.868,2.378118e-05,0,0,8.664879e+02,4.418988e+01,2.925884e+01,0
122,9.364736e+02,976,229.581,4.993145e-05,0,0,8.632963e+02,4.402663e+01,2.915065e+01,0
123,9.330555e+02,898,231.293,1.168827e-04,0,0,8.601460e+02,4.386547e+01,2.904392e+01,0
124,9.296839e+02,899,233.006,2.599248e-04,0,0,8.570385e+02,4.370649e+01,2.893865e+01,0
125,9.263591e+02,955,234.719,5.549670e-04,0,0,8.539740e+02,4.354970e+01,2.883485e+01,0
126,9.230781e+02,939,236.432,1.145393e-03,0,0,8.509496e+02,4.339496e+01,2.873245e+01,0
127,9.198391e+02,947,238.145,2.291576e-03,0,0,8.479633e+02,4.324224e+01,2.863125e+01,0
128,9.166361e+02,895,239.858,4.433553e-03,0,0,8.450093e+02,4.309119e+01,2.853116e+01,0
129,9.134629e+02,901,241.571,8.296768e-03,0,0,8.420811e+02,4.294157e+01,2.843193e+01,0
130,9.103209e+02,876,243.284,1.522400e-02,0,0,8.391787e+02,4.279327e+01,2.833366e+01,0
131,9.072175e+02,935,244.997,2.739638e-02,0,0,8.363071e+02,4.264656e+01,2.823647e+01,0
132,9.041599e+02,942,246.71,4.835488e-02,0,0,8.334695e+02,4.250160e+01,2.814049e+01,0
133,9.011551e+02,907,248.423,8.371159e-02,0,0,8.306672e+02,4.235850e+01,2.804573e+01,0
134,8.982138e+02,869,250.136,1.421565e-01,0,0,8.279020e+02,4.221735e+01,2.795223e+01,0
135,8.953471e+02,860,251.849,2.368089e-01,0,0,8.251723e+02,4.207805e+01,2.785997e+01,0
136,8.925712e+02,876,253.562,3.869856e-01,0,0,8.224748e+02,4.194057e+01,2.776881e+01,0
137,8.899107e+02,911,255.275,6.203854e-01,0,0,8.198070e+02,4.180468e+01,2.767870e+01,0
138,8.873979e+02,855,256.988,9.756606e-01,4.818250e-10,0,8.171627e+02,4.167012e+01,2.758943e+01,0
139,8.850879e+02,915,258.701,1.505216e+00,1.785124e-09,0,8.145446e+02,4.153691e+01,2.750115e+01,0
140,8.830539e+02,876,260.414,2.277960e+00,4.942493e-09,0,8.119567e+02,4.140526e+01,2.741395e+01,0
141,8.813868e+02,896,262.127,3.381583e+00,1.206217e-08,0,8.094019e+02,4.127531e+01,2.732795e+01,0
142,8.801948e+02,951,263.839,4.923713e+00,2.742075e-08,0,8.068809e+02,4.114709e+01,2.724316e+01,0
143,8.796063e+02,847,265.552,7.031223e+00,5.929679e-08,0,8.043948e+02,4.102069e+01,2.715959e+01,0
144,8.797625e+02,845,267.265,9.846822e+00,1.166538e-07,0,8.019425e+02,4.089598e+01,2.707719e+01,0
145,8.808105e+02,895,268.978,1.352214e+01,2.395108e-07,0,7.995197e+02,4.077288e+01,2.699583e+01,0
146,8.828980e+02,846,270.691,1.820674e+01,4.762420e-07,0,7.971246e+02,4.065119e+01,2.691542e+01,0
147,8.861516e+02,874,272.404,2.403386e+01,9.198843e-07,0,7.947514e+02,4.053063e+01,2.683575e+01,0
148,8.906752e+02,873,274.117,3.110410e+01,1.723328e-06,0,7.924030e+02,4.041119e+01,2.675686e+01,0
149,8.965192e+02,918,275.83,3.946449e+01,3.134003e-06,0,7.900828e+02,4.029305e+01,2.667885e+01,0
150,9.036612e+02,923,277.543,4.908997e+01,5.597749e-06,0,7.877931e+02,4.017633e+01,2.660178e+01,0
151,9.119903e+02,861,279.256,5.986934e+01,9.821881e-06,0,7.855343e+02,4.006105e+01,2.652563e+01,0
152,9.213045e+02,841,280.969,7.160020e+01,1.692978e-05,0,7.833066e+02,3.994729e+01,2.645043e+01,0
153,9.313170e+02,880,282.682,8.399711e+01,2.867092e-05,0,7.811089e+02,3.983493e+01,2.637612e+01,0
154,9.416801e+02,904,284.395,9.671695e+01,4.770666e-05,0,7.789365e+02,3.972391e+01,2.630262e+01,0
155,9.520352e+02,895,286.108,1.094035e+02,7.800043e-05,0,7.767878e+02,3.961405e+01,2.622982e+01,0
156,9.620625e+02,952,287.821,1.217425e+02,1.253170e-04,1.397060e-09,7.746571e+02,3.950514e+01,2.615758e+01,0
157,9.715075e+02,921,289.534,1.334775e+02,1.978460e-04,2.897846e-09,7.725468e+02,3.939714e+01,2.608592e+01,0
158,9.800942e+02,951,291.247,1.443300e+02,3.069405e-04,1.034373e-08,7.704588e+02,3.929021e+01,2.601494e+01,0
159,9.875401e+02,972,292.96,1.540159e+02,4.679369e-04,2.763642e-08,7.683946e+02,3.918443e+01,2.594470e+01,0
160,9.936817e+02,979,294.673,1.623718e+02,7.009992e-04,6.521790e-08,7.663541e+02,3.907986e+01,2.587524e+01,0
161,9.984638e+02,992,296.385,1.693424e+02,1.031877e-03,1.435807e-07,7.643372e+02,3.897654e+01,2.580661e+01,0
162,1.001922e+03,957,298.098,1.749648e+02,1.492439e-03,3.011918e-07,7.623427e+02,3.887437e+01,2.573873e+01,0
163,1.004155e+03,1020,299.811,1.793417e+02,2.120776e-03,5.790779e-07,7.603666e+02,3.877336e+01,2.567162e+01,0
164,1.005310e+03,988,301.524,1.826213e+02,2.960661e-03,1.156352e-06,7.584072e+02,3.867328e+01,2.560514e+01,0
165,1.005550e+03,987,303.237,1.849731e+02,4.060124e-03,2.240526e-06,7.564596e+02,3.857400e+01,2.553921e+01,0
166,1.005049e+03,989,304.95,1.865679e+02,5.468949e-03,4.224199e-06,7.545260e+02,3.847539e+01,2.547376e+01,0
167,1.003970e+03,968,306.663,1.875671e+02,7.234968e-03,7.746735e-06,7.526088e+02,3.837764e+01,2.540892e+01,0
168,1.002456e+03,1007,308.376,1.881113e+02,9.399992e-03,1.383521e-05,7.507101e+02,3.828080e+01,2.534473e+01,0
169,1.000628e+03,957,310.089,1.883197e+02,1.199406e-02,2.429878e-05,7.488303e+02,3.818498e+01,2.528124e+01,0
170,9.985804e+02,1034,311.802,1.882864e+02,1.502932e-02,4.197499e-05,7.469703e+02,3.809019e+01,2.521847e+01,0
171,9.963868e+02,996,313.515,1.880862e+02,1.849468e-02,7.132198e-05,7.451293e+02,3.799639e+01,2.515639e+01,0
172,9.941006e+02,974,315.228,1.877747e+02,2.235174e-02,1.192169e-04,7.433048e+02,3.790360e+01,2.509500e+01,0
173,9.917592e+02,1043,316.941,1.873911e+02,2.653351e-02,1.960448e-04,7.414956e+02,3.781160e+01,2.503415e+01,0
174,9.893861e+02,994,318.654,1.869632e+02,3.094697e-02,3.171845e-04,7.396975e+02,3.772034e+01,2.497382e+01,0
175,9.869997e+02,958,320.367,1.865081e+02,3.548068e-02,5.049240e-04,7.379121e+02,3.762963e+01,2.491385e+01,0
176,9.846148e+02,1007,322.08,1.860377e+02,4.001782e-02,7.908887e-04,7.361424e+02,3.753961e+01,2.485434e+01,0
177,9.822402e+02,990,323.793,1.855585e+02,4.445012e-02,1.218958e-03,7.343903e+02,3.745037e+01,2.479534e+01,0
178,9.798821e+02,974,325.506,1.850763e+02,4.868884e-02,1.848634e-03,7.326564e+02,3.736201e+01,2.473691e+01,0
179,9.775458e+02,1000,327.219,1.845949e+02,5.265297e-02,2.758654e-03,7.309419e+02,3.727456e+01,2.467904e+01,0
180,9.752314e+02,957,328.931,1.841159e+02,5.624121e-02,4.050594e-03,7.292455e+02,3.718803e+01,2.462177e+01,0
181,9.729396e+02,1041,330.644,1.836409e+02,5.938832e-02,5.851921e-03,7.275659e+02,3.710239e+01,2.456507e+01,0
182,9.706677e+02,1036,332.357,1.831696e+02,6.206501e-02,8.317909e-03,7.259013e+02,3.701751e+01,2.450887e+01,0
183,9.684127e+02,997,334.07,1.827023e+02,6.427311e-02,1.163155e-02,7.242480e+02,3.693335e+01,2.445312e+01,0
184,9.661746e+02,964,335.783,1.822385e+02,6.603831e-02,1.600056e-02,7.226066e+02,3.684973e+01,2.439772e+01,0
185,9.639576e+02,1014,337.496,1.817793e+02,6.740372e-02,2.165055e-02,7.209799e+02,3.676670e+01,2.434269e+01,0
186,9.617648e+02,1013,339.209,1.813256e+02,6.842226e-02,2.881352e-02,7.193694e+02,3.668442e+01,2.428811e+01,0
187,9.595976e+02,1011,340.922,1.808774e+02,6.915063e-02,3.771172e-02,7.177763e+02,3.660296e+01,2.423405e+01,0
188,9.574579e+02,993,342.635,1.804351e+02,6.964387e-02,4.854031e-02,7.162017e+02,3.652236e+01,2.418055e+01,0
189,9.553438e+02,947,344.348,1.799976e+02,6.995265e-02,6.144149e-02,7.146445e+02,3.644270e+01,2.412765e+01,0
190,9.532550e+02,984,346.061,1.795645e+02,7.012068e-02,7.647793e-02,7.131047e+02,3.636391e+01,2.407532e+01,0
191,9.511880e+02,957,347.774,1.791350e+02,7.018439e-02,9.360926e-02,7.115796e+02,3.628598e+01,2.402358e+01,0
192,9.491405e+02,977,349.487,1.787096e+02,7.017288e-02,1.126740e-01,7.100669e+02,3.620880e+01,2.397232e+01,0
193,9.471117e+02,989,351.2,1.782890e+02,7.010895e-02,1.333822e-01,7.085654e+02,3.613223e+01,2.392153e+01,0
194,9.451031e+02,988,352.913,1.778727e+02,7.000981e-02,1.553244e-01,7.070777e+02,3.605624e+01,2.387110e+01,0
195,9.431160e+02,953,354.626,1.774610e+02,6.988747e-02,1.779975e-01,7.056050e+02,3.598095e+01,2.382112e+01,0
196,9.411499e+02,961,356.339,1.770527e+02,6.975067e-02,2.008455e-01,7.041485e+02,3.590642e+01,2.377164e+01,0
197,9.392043e+02,950,358.052,1.766473e+02,6.960476e-02,2.233371e-01,7.027086e+02,3.583271e+01,2.372271e+01,0
198,9.372770e+02,928,359.765,1.762440e+02,6.945364e-02,2.450344e-01,7.012844e+02,3.575984e+01,2.367432e+01,0
199,9.353678e+02,896,361.477,1.758431e+02,6.929933e-02,2.655770e-01,6.998756e+02,3.568774e+01,2.362650e+01,0
200,9.334736e+02,972,363.19,1.754454e+02,6.914366e-02,2.844908e-01,6.984789e+02,3.561643e+01,2.357920e+01,0
201,9.315920e+02,947,364.903,1.750504e+02,6.898790e-02,3.013905e-01,6.970932e+02,3.554573e+01,2.353235e+01,0
202,9.297201e+02,946,366.616,1.746586e+02,6.883261e-02,3.160629e-01,6.957151e+02,3.547559e+01,2.348593e+01,0
203,9.278581e+02,1002,368.329,1.742689e+02,6.867843e-02,3.284444e-01,6.943464e+02,3.540583e+01,2.343979e+01,0
204,9.260075e+02,913,370.042,1.738815e+02,6.852518e-02,3.386010e-01,6.929883e+02,3.533655e+01,2.339396e+01,0
205,9.241690e+02,932,371.755,1.734956e+02,6.837323e-02,3.466905e-01,6.916421e+02,3.526779e+01,2.334849e+01,0
206,9.223439e+02,894,373.468,1.731122e+02,6.822215e-02,3.529372e-01,6.903075e+02,3.519962e+01,2.330340e+01,0
207,9.205338e+02,964,375.181,1.727324e+02,6.807232e-02,3.575983e-01,6.889850e+02,3.513203e+01,2.325871e+01,0
208,9.187384e+02,965,376.894,1.723562e+02,6.792396e-02,3.609385e-01,6.876739e+02,3.506506e+01,2.321443e+01,0
209,9.169567e+02,940,378.607,1.719846e+02,6.777730e-02,3.632114e-01,6.863720e+02,3.499864e+01,2.317053e+01,0
210,9.151873e+02,933,380.32,1.716167e+02,6.763242e-02,3.646456e-01,6.850786e+02,3.493273e+01,2.312701e+01,0
211,9.134275e+02,919,382.033,1.712530e+02,6.748912e-02,3.654393e-01,6.837906e+02,3.486723e+01,2.308377e+01,0
212,9.116777e+02,948,383.746,1.708925e+02,6.734741e-02,3.657556e-01,6.825093e+02,3.480204e+01,2.304079e+01,0
213,9.099409e+02,918,385.459,1.705362e+02,6.720684e-02,3.657263e-01,6.812366e+02,3.473716e+01,2.299799e+01,0
214,9.082193e+02,1004,387.172,1.701846e+02,6.706751e-02,3.654543e-01,6.799741e+02,3.467270e+01,2.295542e+01,0
215,9.065135e+02,988,388.885,1.698374e+02,6.692950e-02,3.650182e-01,6.787223e+02,3.460873e+01,2.291314e+01,0
216,9.048249e+02,951,390.598,1.694948e+02,6.679307e-02,3.644730e-01,6.774823e+02,3.454530e+01,2.287120e+01,0
217,9.031516e+02,905,392.311,1.691556e+02,6.665807e-02,3.638597e-01,6.762533e+02,3.448246e+01,2.282960e+01,0
218,9.014932e+02,937,394.023,1.688197e+02,6.652460e-02,3.632033e-01,6.750352e+02,3.442017e+01,2.278838e+01,0
219,8.998466e+02,917,395.736,1.684856e+02,6.639235e-02,3.625229e-01,6.738261e+02,3.435848e+01,2.274752e+01,0
220,8.982101e+02,864,397.449,1.681538e+02,6.626119e-02,3.618276e-01,6.726239e+02,3.429724e+01,2.270699e+01,0
221,8.965833e+02,905,399.162,1.678247e+02,6.613087e-02,3.611261e-01,6.714282e+02,3.423644e+01,2.266676e+01,0
222,8.949680e+02,940,400.875,1.674979e+02,6.600153e-02,3.604238e-01,6.702410e+02,3.417595e+01,2.262676e+01,0
223,8.933656e+02,957,402.588,1.671738e+02,6.587340e-02,3.597238e-01,6.690634e+02,3.411589e+01,2.258697e+01,0
224,8.917764e+02,880,404.301,1.668514e+02,6.574632e-02,3.590279e-01,6.678965e+02,3.405630e+01,2.254746e+01,0
225,8.902010e+02,890,406.014,1.665310e+02,6.562044e-02,3.583361e-01,6.667405e+02,3.399727e+01,2.250828e+01,0
226,8.886377e+02,913,407.727,1.662114e+02,6.549532e-02,3.576487e-01,6.655949e+02,3.393878e+01,2.246944e+01,0
227,8.870875e+02,921,409.44,1.658937e+02,6.537106e-02,3.569646e-01,6.644597e+02,3.388086e+01,2.243097e+01,0
228,8.855484e+02,902,411.153,1.655783e+02,6.524718e-02,3.562838e-01,6.633322e+02,3.382347e+01,2.239283e+01,0
229,8.840197e+02,878,412.866,1.652655e+02,6.512392e-02,3.556073e-01,6.622119e+02,3.376651e+01,2.235504e+01,0
230,8.824995e+02,885,414.579,1.649557e+02,6.500145e-02,3.549368e-01,6.610964e+02,3.370995e+01,2.231750e+01,0
231,8.809885e+02,976,416.292,1.646481e+02,6.487984e-02,3.542719e-01,6.599875e+02,3.365364e+01,2.228020e+01,0
232,8.794883e+02,878,418.005,1.643430e+02,6.475924e-02,3.536141e-01,6.588863e+02,3.359761e+01,2.224306e+01,0
233,8.779992e+02,956,419.718,1.640394e+02,6.463943e-02,3.529616e-01,6.577941e+02,3.354193e+01,2.220610e+01,0
234,8.765221e+02,859,421.431,1.637380e+02,6.452057e-02,3.523154e-01,6.567113e+02,3.348664e+01,2.216938e+01,0
235,8.750584e+02,875,423.144,1.634392e+02,6.440227e-02,3.516734e-01,6.556384e+02,3.343178e+01,2.213294e+01,0
236,8.736077e+02,842,424.857,1.631432e+02,6.428476e-02,3.510365e-01,6.545751e+02,3.337739e+01,2.209677e+01,0
237,8.721691e+02,902,426.569,1.628502e+02,6.416819e-02,3.504056e-01,6.535200e+02,3.332342e+01,2.206092e+01,0
238,8.707412e+02,901,428.282,1.625595e+02,6.405280e-02,3.497809e-01,6.524727e+02,3.326991e+01,2.202536e+01,0
239,8.693220e+02,890,429.995,1.622714e+02,6.393855e-02,3.491624e-01,6.514307e+02,3.321675e+01,2.199010e+01,0
240,8.679109e+02,918,431.708,1.619848e+02,6.382547e-02,3.485493e-01,6.503948e+02,3.316391e+01,2.195508e+01,0
241,8.665105e+02,932,433.421,1.617004e+02,6.371341e-02,3.479410e-01,6.493669e+02,3.311131e+01,2.192027e+01,0
242,8.651224e+02,882,435.134,1.614188e+02,6.360217e-02,3.473359e-01,6.483480e+02,3.305906e+01,2.188565e+01,0
243,8.637475e+02,950,436.847,1.611402e+02,6.349165e-02,3.467336e-01,6.473386e+02,3.300721e+01,2.185128e+01,0
244,8.623868e+02,821,438.56,1.608648e+02,6.338199e-02,3.461345e-01,6.463395e+02,3.295585e+01,2.181721e+01,0
245,8.610390e+02,849,440.273,1.605919e+02,6.327341e-02,3.455398e-01,6.453498e+02,3.290498e+01,2.178347e+01,0
246,8.597041e+02,854,441.986,1.603219e+02,6.316579e-02,3.449489e-01,6.443694e+02,3.285464e+01,2.175009e+01,0
247,8.583792e+02,839,443.699,1.600534e+02,6.305928e-02,3.443628e-01,6.433965e+02,3.280481e+01,2.171706e+01,0
248,8.570631e+02,884,445.412,1.597871e+02,6.295356e-02,3.437799e-01,6.424295e+02,3.275542e+01,2.168437e+01,0
249,8.557550e+02,856,447.125,1.595231e+02,6.284872e-02,3.432012e-01,6.414674e+02,3.270644e+01,2.165198e+01,0
250,8.544564e+02,839,448.838,1.592615e+02,6.274441e-02,3.426244e-01,6.405119e+02,3.265775e+01,2.161987e+01,0
251,8.531680e+02,897,450.551,1.590023e+02,6.264085e-02,3.420509e-01,6.395636e+02,3.260937e+01,2.158796e+01,0
252,8.518900e+02,887,452.264,1.587448e+02,6.253824e-02,3.414816e-01,6.386236e+02,3.256138e+01,2.155625e+01,0
253,8.506227e+02,871,453.977,1.584890e+02,6.243656e-02,3.409171e-01,6.376918e+02,3.251379e+01,2.152478e+01,0
254,8.493646e+02,826,455.69,1.582338e+02,6.233597e-02,3.403577e-01,6.367679e+02,3.246664e+01,2.149357e+01,0
255,8.481161e+02,842,457.403,1.579797e+02,6.223618e-02,3.398033e-01,6.358519e+02,3.241992e+01,2.146263e+01,0
256,8.468755e+02,868,459.115,1.577269e+02,6.213728e-02,3.392534e-01,6.349417e+02,3.237359e+01,2.143195e+01,0
257,8.456425e+02,913,460.828,1.574758e+02,6.203884e-02,3.387071e-01,6.340368e+02,3.232766e+01,2.140151e+01,0
258,8.444152e+02,854,462.541,1.572265e+02,6.194104e-02,3.381642e-01,6.331353e+02,3.228200e+01,2.137130e+01,0
259,8.431943e+02,896,464.254,1.569786e+02,6.184391e-02,3.376253e-01,6.322384e+02,3.223657e+01,2.134125e+01,0
260,8.419810e+02,833,465.967,1.567323e+02,6.174755e-02,3.370916e-01,6.313472e+02,3.219130e+01,2.131132e+01,0
261,8.407754e+02,806,467.68,1.564868e+02,6.165190e-02,3.365625e-01,6.304627e+02,3.214624e+01,2.128147e+01,0
262,8.395783e+02,817,469.393,1.562426e+02,6.155683e-02,3.360392e-01,6.295850e+02,3.210145e+01,2.125174e+01,0
263,8.383909e+02,845,471.106,1.560000e+02,6.146229e-02,3.355198e-01,6.287147e+02,3.205697e+01,2.122214e+01,0
264,8.372129e+02,858,472.819,1.557596e+02,6.136797e-02,3.350053e-01,6.278514e+02,3.201279e+01,2.119272e+01,0
265,8.360435e+02,832,474.532,1.555213e+02,6.127393e-02,3.344935e-01,6.269940e+02,3.196895e+01,2.116347e+01,0
266,8.348816e+02,835,476.245,1.552848e+02,6.118027e-02,3.339853e-01,6.261418e+02,3.192543e+01,2.113443e+01,0
267,8.337251e+02,848,477.958,1.550501e+02,6.108721e-02,3.334814e-01,6.252926e+02,3.188215e+01,2.110557e+01,0
268,8.325732e+02,892,479.671,1.548163e+02,6.099470e-02,3.329822e-01,6.244469e+02,3.183911e+01,2.107689e+01,0
269,8.314275e+02,821,481.384,1.545837e+02,6.090287e-02,3.324875e-01,6.236058e+02,3.179619e+01,2.104835e+01,0
270,8.302889e+02,812,483.097,1.543527e+02,6.081154e-02,3.319972e-01,6.227701e+02,3.175343e+01,2.101991e+01,0
271,8.291578e+02,844,484.81,1.541233e+02,6.072071e-02,3.315105e-01,6.219399e+02,3.171089e+01,2.099156e+01,0
272,8.280346e+02,848,486.523,1.538955e+02,6.063021e-02,3.310264e-01,6.211155e+02,3.166860e+01,2.096336e+01,0
273,8.269181e+02,829,488.236,1.536691e+02,6.054023e-02,3.305445e-01,6.202960e+02,3.162659e+01,2.093533e+01,0
274,8.258081e+02,852,489.949,1.534439e+02,6.045096e-02,3.300650e-01,6.194813e+02,3.158486e+01,2.090751e+01,0
275,8.247020e+02,777,491.661,1.532191e+02,6.036232e-02,3.295888e-01,6.186696e+02,3.154339e+01,2.087990e+01,0
276,8.235992e+02,859,493.374,1.529953e+02,6.027447e-02,3.291152e-01,6.178598e+02,3.150216e+01,2.085249e+01,0
277,8.224990e+02,834,495.087,1.527729e+02,6.018710e-02,3.286448e-01,6.170509e+02,3.146110e+01,2.082529e+01,0
278,8.214034e+02,814,496.8,1.525522e+02,6.010031e-02,3.281760e-01,6.162446e+02,3.142015e+01,2.079823e+01,0
279,8.203135e+02,818,498.513,1.523336e+02,6.001375e-02,3.277093e-01,6.154416e+02,3.137927e+01,2.077131e+01,0
280,8.192301e+02,823,500.226,1.521167e+02,5.992763e-02,3.272426e-01,6.146432e+02,3.133854e+01,2.074447e+01,0
281,8.181541e+02,817,501.939,1.519018e+02,5.984211e-02,3.267769e-01,6.138499e+02,3.129801e+01,2.071775e+01,0
282,8.170851e+02,825,503.652,1.516882e+02,5.975722e-02,3.263127e-01,6.130619e+02,3.125773e+01,2.069118e+01,0
283,8.160240e+02,863,505.365,1.514763e+02,5.967309e-02,3.258505e-01,6.122797e+02,3.121773e+01,2.066479e+01,0
284,8.149700e+02,842,507.078,1.512664e+02,5.958954e-02,3.253906e-01,6.115020e+02,3.117804e+01,2.063860e+01,0
285,8.139234e+02,813,508.791,1.510587e+02,5.950670e-02,3.249325e-01,6.107290e+02,3.113866e+01,2.061263e+01,0
286,8.128827e+02,801,510.504,1.508532e+02,5.942425e-02,3.244764e-01,6.099591e+02,3.109955e+01,2.058687e+01,0
287,8.118489e+02,842,512.217,1.506494e+02,5.934240e-02,3.240214e-01,6.091940e+02,3.106071e+01,2.056131e+01,0
288,8.108231e+02,827,513.93,1.504473e+02,5.926126e-02,3.235677e-01,6.084350e+02,3.102205e+01,2.053592e+01,0
289,8.098056e+02,788,515.643,1.502458e+02,5.918099e-02,3.231160e-01,6.076832e+02,3.098364e+01,2.051066e+01,0
290,8.087969e+02,845,517.356,1.500454e+02,5.910160e-02,3.226679e-01,6.069387e+02,3.094553e+01,2.048552e+01,0
291,8.077975e+02,803,519.069,1.498462e+02,5.902300e-02,3.222231e-01,6.062018e+02,3.090777e+01,2.046055e+01,0
292,8.068073e+02,821,520.782,1.496483e+02,5.894520e-02,3.217828e-01,6.054721e+02,3.087036e+01,2.043577e+01,0
293,8.058249e+02,822,522.495,1.494519e+02,5.886792e-02,3.213458e-01,6.047483e+02,3.083333e+01,2.041118e+01,0
294,8.048492e+02,801,524.207,1.492566e+02,5.879124e-02,3.209129e-01,6.040295e+02,3.079661e+01,2.038680e+01,0
295,8.038782e+02,806,525.92,1.490624e+02,5.871522e-02,3.204827e-01,6.033138e+02,3.076020e+01,2.036260e+01,0
296,8.029112e+02,847,527.633,1.488685e+02,5.863999e-02,3.200563e-01,6.026014e+02,3.072400e+01,2.033858e+01,0
297,8.019494e+02,788,529.346,1.486756e+02,5.856545e-02,3.196346e-01,6.018930e+02,3.068795e+01,2.031468e+01,0
298,8.009934e+02,809,531.059,1.484838e+02,5.849158e-02,3.192175e-01,6.011891e+02,3.065201e+01,2.029089e+01,0
299,8.000435e+02,808,532.772,1.482934e+02,5.841821e-02,3.188056e-01,6.004895e+02,3.061622e+01,2.026714e+01,0
300,7.991001e+02,791,534.485,1.481046e+02,5.834515e-02,3.183977e-01,5.997947e+02,3.058062e+01,2.024346e+01,0
301,7.981622e+02,765,536.198,1.479169e+02,5.827230e-02,3.179941e-01,5.991040e+02,3.054522e+01,2.021987e+01,0
302,7.972297e+02,804,537.911,1.477306e+02,5.819972e-02,3.175932e-01,5.984169e+02,3.051003e+01,2.019641e+01,0
303,7.963008e+02,751,539.624,1.475447e+02,5.812752e-02,3.171953e-01,5.977326e+02,3.047505e+01,2.017307e+01,0
304,7.953748e+02,783,541.337,1.473600e+02,5.805560e-02,3.168006e-01,5.970498e+02,3.044029e+01,2.014989e+01,0
305,7.944521e+02,786,543.05,1.471767e+02,5.798404e-02,3.164098e-01,5.963685e+02,3.040568e+01,2.012686e+01,0
306,7.935343e+02,820,544.763,1.469949e+02,5.791263e-02,3.160226e-01,5.956902e+02,3.037121e+01,2.010397e+01,0
307,7.926225e+02,809,546.476,1.468149e+02,5.784138e-02,3.156391e-01,5.950160e+02,3.033683e+01,2.008121e+01,0
308,7.917170e+02,761,548.189,1.466361e+02,5.777013e-02,3.152586e-01,5.943467e+02,3.030261e+01,2.005855e+01,0
309,7.908189e+02,776,549.902,1.464587e+02,5.769909e-02,3.148808e-01,5.936830e+02,3.026861e+01,2.003599e+01,0
310,7.899271e+02,824,551.615,1.462818e+02,5.762845e-02,3.145048e-01,5.930248e+02,3.023487e+01,2.001358e+01,0
311,7.890427e+02,804,553.328,1.461060e+02,5.755820e-02,3.141313e-01,5.923723e+02,3.020143e+01,1.999134e+01,0
312,7.881647e+02,782,555.041,1.459313e+02,5.748850e-02,3.137611e-01,5.917245e+02,3.016829e+01,1.996930e+01,0
313,7.872923e+02,758,556.753,1.457578e+02,5.741918e-02,3.133935e-01,5.910808e+02,3.013546e+01,1.994749e+01,0
314,7.864249e+02,842,558.466,1.455855e+02,5.735030e-02,3.130293e-01,5.904403e+02,3.010288e+01,1.992588e+01,0
315,7.855631e+02,772,560.179,1.454137e+02,5.728167e-02,3.126669e-01,5.898044e+02,3.007053e+01,1.990448e+01,0
316,7.847072e+02,807,561.892,1.452425e+02,5.721346e-02,3.123066e-01,5.891736e+02,3.003834e+01,1.988324e+01,0
317,7.838571e+02,819,563.605,1.450712e+02,5.714581e-02,3.119467e-01,5.885483e+02,3.000632e+01,1.986216e+01,0
318,7.830132e+02,808,565.318,1.449004e+02,5.707869e-02,3.115877e-01,5.879285e+02,2.997451e+01,1.984116e+01,0
319,7.821754e+02,806,567.031,1.447306e+02,5.701221e-02,3.112298e-01,5.873134e+02,2.994294e+01,1.982028e+01,0
320,7.813433e+02,771,568.744,1.445618e+02,5.694614e-02,3.108731e-01,5.867025e+02,2.991161e+01,1.979952e+01,0
321,7.805152e+02,739,570.457,1.443946e+02,5.688054e-02,3.105176e-01,5.860937e+02,2.988053e+01,1.977892e+01,0
322,7.796892e+02,830,572.17,1.442287e+02,5.681516e-02,3.101625e-01,5.854854e+02,2.984966e+01,1.975845e+01,0
323,7.788629e+02,800,573.883,1.440641e+02,5.675018e-02,3.098081e-01,5.848751e+02,2.981898e+01,1.973813e+01,0
324,7.780353e+02,707,575.596,1.439009e+02,5.668571e-02,3.094529e-01,5.842619e+02,2.978844e+01,1.971793e+01,0
325,7.772049e+02,808,577.309,1.437395e+02,5.662176e-02,3.090976e-01,5.836439e+02,2.975797e+01,1.969784e+01,0
326,7.763694e+02,803,579.022,1.435803e+02,5.655841e-02,3.087425e-01,5.830184e+02,2.972754e+01,1.967783e+01,0
327,7.755239e+02,749,580.735,1.434232e+02,5.649547e-02,3.083889e-01,5.823808e+02,2.969723e+01,1.965785e+01,0
328,7.746620e+02,760,582.448,1.432681e+02,5.643299e-02,3.080367e-01,5.817245e+02,2.966703e+01,1.963790e+01,0
329,7.737744e+02,718,584.161,1.431145e+02,5.637070e-02,3.076865e-01,5.810408e+02,2.963699e+01,1.961803e+01,0
330,7.728474e+02,755,585.874,1.429617e+02,5.630874e-02,3.073380e-01,5.803166e+02,2.960711e+01,1.959825e+01,0
331,7.718648e+02,741,587.587,1.428097e+02,5.624719e-02,3.069911e-01,5.795359e+02,2.957737e+01,1.957857e+01,0
332,7.708045e+02,779,589.299,1.426584e+02,5.618603e-02,3.066457e-01,5.786764e+02,2.954775e+01,1.955901e+01,0
333,7.696407e+02,737,591.012,1.425080e+02,5.612532e-02,3.063026e-01,5.777126e+02,2.951817e+01,1.953957e+01,0
334,7.683399e+02,766,592.725,1.423580e+02,5.606487e-02,3.059627e-01,5.766110e+02,2.948858e+01,1.952025e+01,0
335,7.668596e+02,750,594.438,1.422083e+02,5.600475e-02,3.056258e-01,5.753298e+02,2.945888e+01,1.950101e+01,0
336,7.651472e+02,783,596.151,1.420587e+02,5.594471e-02,3.052927e-01,5.738164e+02,2.942903e+01,1.948183e+01,0
337,7.631385e+02,774,597.864,1.419086e+02,5.588494e-02,3.049620e-01,5.720074e+02,2.939896e+01,1.946270e+01,0
338,7.607581e+02,769,599.577,1.417584e+02,5.582558e-02,3.046343e-01,5.698271e+02,2.936854e+01,1.944363e+01,0
339,7.579176e+02,753,601.29,1.416084e+02,5.576670e-02,3.043081e-01,5.671869e+02,2.933752e+01,1.942465e+01,0
340,7.545173e+02,741,603.003,1.414588e+02,5.570842e-02,3.039842e-01,5.639874e+02,2.930559e+01,1.940578e+01,0
341,7.504464e+02,759,604.716,1.413100e+02,5.565060e-02,3.036631e-01,5.601178e+02,2.927228e+01,1.938701e+01,0
342,7.455881e+02,715,606.429,1.411616e+02,5.559334e-02,3.033446e-01,5.554623e+02,2.923695e+01,1.936833e+01,0
343,7.398226e+02,717,608.142,1.410138e+02,5.553640e-02,3.030292e-01,5.499017e+02,2.919876e+01,1.934974e+01,0
344,7.330297e+02,690,609.855,1.408663e+02,5.547995e-02,3.027158e-01,5.433174e+02,2.915663e+01,1.933117e+01,0
345,7.250982e+02,714,611.568,1.407195e+02,5.542405e-02,3.024047e-01,5.355991e+02,2.910923e+01,1.931259e+01,0
346,7.159324e+02,749,613.281,1.405738e+02,5.536865e-02,3.020945e-01,5.266523e+02,2.905489e+01,1.929393e+01,0
347,7.054630e+02,670,614.994,1.404293e+02,5.531376e-02,3.017858e-01,5.164099e+02,2.899152e+01,1.927516e+01,0
348,6.936543e+02,676,616.707,1.402861e+02,5.525912e-02,3.014790e-01,5.048388e+02,2.891651e+01,1.925624e+01,0
349,6.805121e+02,683,618.42,1.401439e+02,5.520469e-02,3.011742e-01,4.919481e+02,2.882670e+01,1.923709e+01,0
350,6.660984e+02,622,620.133,1.400024e+02,5.515017e-02,3.008716e-01,4.778041e+02,2.871836e+01,1.921757e+01,0
351,6.505256e+02,673,621.845,1.398616e+02,5.509566e-02,3.005708e-01,4.625237e+02,2.858713e+01,1.919753e+01,0
352,6.339649e+02,624,623.558,1.397218e+02,5.504118e-02,3.002719e-01,4.462830e+02,2.842811e+01,1.917670e+01,0
353,6.166470e+02,587,625.271,1.395833e+02,5.498669e-02,2.999738e-01,4.293182e+02,2.823586e+01,1.915470e+01,0
354,5.988189e+02,595,626.984,1.394460e+02,5.493225e-02,2.996773e-01,4.118826e+02,2.800468e+01,1.913108e+01,0
355,5.807814e+02,576,628.697,1.393096e+02,5.487771e-02,2.993829e-01,3.942836e+02,2.772873e+01,1.910519e+01,0
356,5.628149e+02,542,630.41,1.391743e+02,5.482311e-02,2.990912e-01,3.768083e+02,2.740214e+01,1.907624e+01,0
357,5.451529e+02,528,632.123,1.390393e+02,5.476832e-02,2.988024e-01,3.596973e+02,2.701948e+01,1.904327e+01,0
358,5.280552e+02,542,633.836,1.389050e+02,5.471356e-02,2.985165e-01,3.432159e+02,2.657606e+01,1.900505e+01,0
359,5.116668e+02,460,635.549,1.387716e+02,5.465903e-02,2.982332e-01,3.275138e+02,2.606848e+01,1.896003e+01,0
360,4.962442e+02,510,637.262,1.386392e+02,5.460476e-02,2.979517e-01,3.128511e+02,2.549499e+01,1.890635e+01,0
361,4.819914e+02,447,638.975,1.385080e+02,5.455094e-02,2.976722e-01,2.994336e+02,2.485586e+01,1.884174e+01,0
362,4.690371e+02,474,640.688,1.383775e+02,5.449748e-02,2.973948e-01,2.873900e+02,2.415414e+01,1.876359e+01,0
363,4.574394e+02,476,642.401,1.382476e+02,5.444438e-02,2.971198e-01,2.767761e+02,2.339526e+01,1.866888e+01,0
364,4.471967e+02,452,644.114,1.381179e+02,5.439158e-02,2.968468e-01,2.675856e+02,2.258775e+01,1.855426e+01,0
365,4.382593e+02,434,645.827,1.379886e+02,5.433921e-02,2.965754e-01,2.597608e+02,2.174283e+01,1.841613e+01,0
366,4.305394e+02,442,647.54,1.378600e+02,5.428738e-02,2.963050e-01,2.532052e+02,2.087279e+01,1.825077e+01,0
367,4.239263e+02,430,649.253,1.377318e+02,5.423598e-02,2.960345e-01,2.477969e+02,1.999293e+01,1.805439e+01,0
368,4.182935e+02,443,650.966,1.376040e+02,5.418503e-02,2.957638e-01,2.433993e+02,1.911689e+01,1.782334e+01,0
369,4.135095e+02,448,652.679,1.374764e+02,5.413438e-02,2.954929e-01,2.398715e+02,1.825769e+01,1.755436e+01,0
370,4.094456e+02,372,654.391,1.373485e+02,5.408386e-02,2.952223e-01,2.370750e+02,1.742793e+01,1.724484e+01,0
371,4.059793e+02,451,656.104,1.372206e+02,5.403346e-02,2.949518e-01,2.348812e+02,1.663539e+01,1.689307e+01,0
372,4.030062e+02,412,657.817,1.370933e+02,5.398328e-02,2.946816e-01,2.331732e+02,1.589234e+01,1.649863e+01,0
373,4.004370e+02,408,659.53,1.369669e+02,5.393345e-02,2.944111e-01,2.318496e+02,1.520962e+01,1.606253e+01,0
374,3.981957e+02,418,661.243,1.368418e+02,5.388398e-02,2.941401e-01,2.308243e+02,1.459422e+01,1.558737e+01,0
375,3.962189e+02,394,662.956,1.367179e+02,5.383486e-02,2.938685e-01,2.300258e+02,1.404955e+01,1.507787e+01,0
376,3.944559e+02,386,664.669,1.365954e+02,5.378613e-02,2.935971e-01,2.293973e+02,1.357585e+01,1.453993e+01,0
377,3.928676e+02,393,666.382,1.364741e+02,5.373762e-02,2.933268e-01,2.288940e+02,1.317075e+01,1.398161e+01,0
378,3.914243e+02,388,668.095,1.363545e+02,5.368944e-02,2.930576e-01,2.284817e+02,1.282983e+01,1.341164e+01,0
379,3.901032e+02,412,669.808,1.362365e+02,5.364166e-02,2.927902e-01,2.281341e+02,1.254731e+01,1.283884e+01,0
380,3.888884e+02,393,671.521,1.361201e+02,5.359432e-02,2.925244e-01,2.278323e+02,1.231659e+01,1.227323e+01,0
381,3.877651e+02,412,673.234,1.360050e+02,5.354739e-02,2.922598e-01,2.275621e+02,1.213074e+01,1.172145e+01,0
382,3.867246e+02,378,674.947,1.358909e+02,5.350071e-02,2.919964e-01,2.273138e+02,1.198287e+01,1.119162e+01,0
383,3.857575e+02,377,676.66,1.357768e+02,5.345426e-02,2.917350e-01,2.270802e+02,1.186650e+01,1.068877e+01,0
384,3.848613e+02,381,678.373,1.356630e+02,5.340778e-02,2.914761e-01,2.268565e+02,1.177571e+01,1.022117e+01,0
385,3.840337e+02,375,680.086,1.355494e+02,5.336138e-02,2.912194e-01,2.266398e+02,1.170530e+01,9.794720e+00,0
386,3.832722e+02,386,681.799,1.354358e+02,5.331514e-02,2.909648e-01,2.264283e+02,1.165081e+01,9.412959e+00,0
387,3.825727e+02,368,683.512,1.353223e+02,5.326903e-02,2.907119e-01,2.262208e+02,1.160853e+01,9.077201e+00,0
388,3.819309e+02,392,685.225,1.352085e+02,5.322316e-02,2.904598e-01,2.260164e+02,1.157544e+01,8.786892e+00,0
389,3.813414e+02,431,686.937,1.350943e+02,5.317744e-02,2.902084e-01,2.258146e+02,1.154918e+01,8.539949e+00,0
390,3.807983e+02,409,688.65,1.349796e+02,5.313188e-02,2.899581e-01,2.256146e+02,1.152790e+01,8.333153e+00,0
391,3.802967e+02,350,690.363,1.348647e+02,5.308645e-02,2.897094e-01,2.254165e+02,1.151019e+01,8.162545e+00,0
392,3.798308e+02,381,692.076,1.347500e+02,5.304135e-02,2.894621e-01,2.252195e+02,1.149501e+01,8.023774e+00,0
393,3.793954e+02,386,693.789,1.346356e+02,5.299673e-02,2.892162e-01,2.250236e+02,1.148158e+01,7.912370e+00,0
394,3.789856e+02,415,695.502,1.345216e+02,5.295261e-02,2.889717e-01,2.248287e+02,1.146936e+01,7.823986e+00,0
395,3.785974e+02,381,697.215,1.344080e+02,5.290902e-02,2.887276e-01,2.246353e+02,1.145795e+01,7.754581e+00,0
396,3.782262e+02,368,698.928,1.342944e+02,5.286594e-02,2.884843e-01,2.244429e+02,1.144708e+01,7.700498e+00,0
397,3.778694e+02,368,700.641,1.341814e+02,5.282319e-02,2.882423e-01,2.242518e+02,1.143658e+01,7.658570e+00,0
398,3.775239e+02,391,702.354,1.340689e+02,5.278083e-02,2.880018e-01,2.240618e+02,1.142633e+01,7.626096e+00,0
399,3.771874e+02,378,704.067,1.339571e+02,5.273889e-02,2.877628e-01,2.238727e+02,1.141629e+01,7.600842e+00,0
400,3.768581e+02,385,705.78,1.338460e+02,5.269733e-02,2.875250e-01,2.236845e+02,1.140638e+01,7.581014e+00,0
401,3.765338e+02,362,707.493,1.337353e+02,5.265612e-02,2.872883e-01,2.234968e+02,1.139661e+01,7.565209e+00,0
402,3.762128e+02,394,709.206,1.336242e+02,5.261505e-02,2.870516e-01,2.233096e+02,1.138693e+01,7.552334e+00,0
403,3.758941e+02,384,710.919,1.335124e+02,5.257408e-02,2.868156e-01,2.231234e+02,1.137733e+01,7.541558e+00,0
404,3.755759e+02,384,712.632,1.333985e+02,5.253296e-02,2.865806e-01,2.229383e+02,1.136781e+01,7.532275e+00,0
405,3.752551e+02,360,714.345,1.332798e+02,5.249179e-02,2.863470e-01,2.227542e+02,1.135834e+01,7.524022e+00,0
406,3.749267e+02,418,716.058,1.331513e+02,5.245058e-02,2.861151e-01,2.225714e+02,1.134893e+01,7.516488e+00,0
407,3.745810e+02,385,717.771,1.330041e+02,5.240931e-02,2.858845e-01,2.223896e+02,1.133960e+01,7.509435e+00,0
408,3.742039e+02,388,719.483,1.328239e+02,5.236800e-02,2.856556e-01,2.222090e+02,1.133035e+01,7.502704e+00,0
409,3.737727e+02,390,721.196,1.325883e+02,5.232659e-02,2.854276e-01,2.220292e+02,1.132117e+01,7.496193e+00,0
410,3.732543e+02,349,722.909,1.322647e+02,5.228497e-02,2.852015e-01,2.218502e+02,1.131208e+01,7.489842e+00,0
411,3.726016e+02,394,724.622,1.318057e+02,5.224322e-02,2.849776e-01,2.216721e+02,1.130305e+01,7.483604e+00,0
412,3.717486e+02,361,726.335,1.311449e+02,5.220147e-02,2.847563e-01,2.214952e+02,1.129408e+01,7.477449e+00,0
413,3.706048e+02,376,728.048,1.301922e+02,5.215984e-02,2.845379e-01,2.213194e+02,1.128516e+01,7.471363e+00,0
414,3.690472e+02,388,729.761,1.288243e+02,5.211841e-02,2.843217e-01,2.211448e+02,1.127627e+01,7.465319e+00,0
415,3.669154e+02,355,731.474,1.268812e+02,5.207716e-02,2.841077e-01,2.209713e+02,1.126742e+01,7.459315e+00,0
416,3.640088e+02,379,733.187,1.241624e+02,5.203618e-02,2.838952e-01,2.207986e+02,1.125861e+01,7.453332e+00,0
417,3.600886e+02,347,734.9,1.204290e+02,5.199535e-02,2.836846e-01,2.206267e+02,1.124984e+01,7.447369e+00,0
418,3.548967e+02,355,736.613,1.154239e+02,5.195486e-02,2.834760e-01,2.204549e+02,1.124110e+01,7.441423e+00,0
419,3.481953e+02,375,738.326,1.089089e+02,5.191481e-02,2.832690e-01,2.202834e+02,1.123237e+01,7.435510e+00,0
420,3.398182e+02,381,740.039,1.007179e+02,5.187517e-02,2.830635e-01,2.201121e+02,1.122366e+01,7.429622e+00,0
421,3.297430e+02,325,741.752,9.082833e+01,5.183599e-02,2.828587e-01,2.199413e+02,1.121494e+01,7.423767e+00,0
422,3.181851e+02,317,743.465,7.945577e+01,5.179718e-02,2.826536e-01,2.197707e+02,1.120621e+01,7.417945e+00,0
423,3.056097e+02,296,745.178,6.706538e+01,5.175857e-02,2.824481e-01,2.196006e+02,1.119746e+01,7.412147e+00,0
424,2.926872e+02,305,746.891,5.432780e+01,5.172018e-02,2.822420e-01,2.194304e+02,1.118870e+01,7.406383e+00,0
425,2.802147e+02,282,748.604,4.203997e+01,5.168203e-02,2.820356e-01,2.192604e+02,1.117995e+01,7.400637e+00,0
426,2.689354e+02,287,750.317,3.094561e+01,5.164406e-02,2.818286e-01,2.190902e+02,1.117121e+01,7.394914e+00,0
427,2.593111e+02,269,752.029,2.150627e+01,5.160626e-02,2.816204e-01,2.189199e+02,1.116250e+01,7.389221e+00,0
428,2.517052e+02,250,753.742,1.408526e+01,5.156846e-02,2.814113e-01,2.187496e+02,1.115381e+01,7.383571e+00,0
429,2.461225e+02,277,755.455,8.686860e+00,5.153051e-02,2.812002e-01,2.185798e+02,1.114516e+01,7.377958e+00,0
430,2.422935e+02,251,757.168,5.041586e+00,5.149211e-02,2.809880e-01,2.184105e+02,1.113654e+01,7.372393e+00,0
431,2.398210e+02,235,758.881,2.751846e+00,5.145294e-02,2.807754e-01,2.182421e+02,1.112795e+01,7.366868e+00,0
432,2.382994e+02,261,760.594,1.411927e+00,5.141224e-02,2.805628e-01,2.180747e+02,1.111941e+01,7.361381e+00,0
433,2.373875e+02,237,762.307,6.806727e-01,5.136846e-02,2.803512e-01,2.179082e+02,1.111094e+01,7.355933e+00,0
434,2.368357e+02,261,764.02,3.081995e-01,5.131888e-02,2.801405e-01,2.177430e+02,1.110254e+01,7.350509e+00,0
435,2.364801e+02,249,765.733,1.310207e-01,5.125904e-02,2.799312e-01,2.175785e+02,1.109423e+01,7.345113e+00,0
436,2.362240e+02,239,767.446,5.228108e-02,5.118172e-02,2.797232e-01,2.174151e+02,1.108601e+01,7.339751e+00,0
437,2.360155e+02,195,769.159,1.957458e-02,5.107639e-02,2.795173e-01,2.172530e+02,1.107786e+01,7.334426e+00,0
438,2.358286e+02,253,770.872,6.873219e-03,5.092775e-02,2.793143e-01,2.170926e+02,1.106979e+01,7.329133e+00,0
439,2.356513e+02,233,772.585,2.257821e-03,5.071420e-02,2.791140e-01,2.169335e+02,1.106176e+01,7.323877e+00,0
440,2.354786e+02,224,774.298,6.822513e-04,5.040647e-02,2.789164e-01,2.167761e+02,1.105379e+01,7.318642e+00,0
441,2.353081e+02,212,776.011,1.983060e-04,4.996466e-02,2.787212e-01,2.166199e+02,1.104587e+01,7.313433e+00,0
442,2.351391e+02,226,777.724,4.568016e-05,4.933578e-02,2.785273e-01,2.164649e+02,1.103801e+01,7.308235e+00,0
443,2.349707e+02,245,779.437,0,4.845208e-02,2.783351e-01,2.163107e+02,1.103020e+01,7.303044e+00,0
444,2.348028e+02,218,781.15,0,4.723112e-02,2.781445e-01,2.161571e+02,1.102244e+01,7.297858e+00,0
445,2.346350e+02,211,782.863,0,4.557937e-02,2.779554e-01,2.160041e+02,1.101472e+01,7.292689e+00,0
446,2.344677e+02,236,784.575,0,4.340024e-02,2.777676e-01,2.158520e+02,1.100703e+01,7.287530e+00,0
447,2.343005e+02,247,786.288,0,4.061143e-02,2.775803e-01,2.157006e+02,1.099936e+01,7.282386e+00,0
448,2.341335e+02,231,788.001,0,3.717473e-02,2.773936e-01,2.155500e+02,1.099170e+01,7.277255e+00,0
449,2.339665e+02,226,789.714,0,3.311774e-02,2.772065e-01,2.154000e+02,1.098405e+01,7.272127e+00,0
450,2.337995e+02,237,791.427,0,2.855465e-02,2.770197e-01,2.152505e+02,1.097642e+01,7.267008e+00,0
451,2.336326e+02,234,793.14,0,2.370702e-02,2.768334e-01,2.151014e+02,1.096882e+01,7.261884e+00,0
452,2.334659e+02,247,794.853,0,1.886345e-02,2.766476e-01,2.149524e+02,1.096124e+01,7.256758e+00,0
453,2.332998e+02,262,796.566,0,1.430898e-02,2.764621e-01,2.148037e+02,1.095369e+01,7.251638e+00,0
454,2.331349e+02,251,798.279,0,1.029823e-02,2.762769e-01,2.146556e+02,1.094614e+01,7.246532e+00,0
455,2.329713e+02,228,799.992,0,6.989276e-03,2.760902e-01,2.145081e+02,1.093862e+01,7.241438e+00,0
456,2.328092e+02,221,801.705,0,4.469343e-03,2.759009e-01,2.143613e+02,1.093110e+01,7.236368e+00,0
457,2.326485e+02,251,803.418,0,2.690746e-03,2.757059e-01,2.142152e+02,1.092357e+01,7.231311e+00,0
458,2.324888e+02,214,805.131,0,1.524185e-03,2.754986e-01,2.140695e+02,1.091605e+01,7.226273e+00,0
459,2.323301e+02,266,806.844,0,8.118825e-04,2.752679e-01,2.139242e+02,1.090856e+01,7.221250e+00,0
460,2.321718e+02,234,808.557,0,4.064673e-04,2.749946e-01,2.137791e+02,1.090108e+01,7.216236e+00,0
461,2.320137e+02,263,810.27,0,1.911821e-04,2.746479e-01,2.136340e+02,1.089363e+01,7.211236e+00,0
462,2.318561e+02,212,811.983,0,8.444950e-05,2.741819e-01,2.134894e+02,1.088618e+01,7.206263e+00,0
463,2.316988e+02,230,813.696,0,3.502072e-05,2.735299e-01,2.133451e+02,1.087876e+01,7.201316e+00,0
464,2.315416e+02,227,815.409,0,1.362967e-05,2.725976e-01,2.132013e+02,1.087133e+01,7.196398e+00,0
465,2.313847e+02,229,817.121,0,4.975387e-06,2.712556e-01,2.130580e+02,1.086391e+01,7.191512e+00,0
466,2.312274e+02,226,818.834,0,1.704757e-06,2.693293e-01,2.129149e+02,1.085649e+01,7.186647e+00,0
467,2.310698e+02,244,820.547,0,5.463719e-07,2.665815e-01,2.127723e+02,1.084911e+01,7.181808e+00,0
468,2.309110e+02,232,822.26,0,1.613438e-07,2.627054e-01,2.126296e+02,1.084174e+01,7.176981e+00,0
469,2.307510e+02,240,823.973,0,3.856862e-08,2.573183e-01,2.124870e+02,1.083442e+01,7.172169e+00,0
470,2.305894e+02,213,825.686,0,0,2.499588e-01,2.123449e+02,1.082713e+01,7.167376e+00,0
471,2.304261e+02,247,827.399,0,0,2.401199e-01,2.122035e+02,1.081986e+01,7.162611e+00,0
472,2.302607e+02,237,829.112,0,0,2.273208e-01,2.120628e+02,1.081263e+01,7.157869e+00,0
473,2.300930e+02,236,830.825,0,0,2.111910e-01,2.119232e+02,1.080542e+01,7.153158e+00,0
474,2.299227e+02,209,832.538,0,0,1.916146e-01,2.117844e+02,1.079824e+01,7.148465e+00,0
475,2.297504e+02,243,834.251,0,0,1.689246e-01,2.116466e+02,1.079110e+01,7.143798e+00,0
476,2.295765e+02,244,835.964,0,0,1.439232e-01,2.115094e+02,1.078401e+01,7.139144e+00,0
477,2.294024e+02,235,837.677,0,0,1.178550e-01,2.113731e+02,1.077697e+01,7.134502e+00,0
478,2.292299e+02,224,839.39,0,0,9.236666e-02,2.112377e+02,1.076997e+01,7.129875e+00,0
479,2.290607e+02,235,841.103,0,0,6.895590e-02,2.111035e+02,1.076302e+01,7.125273e+00,0
480,2.288958e+02,230,842.816,0,0,4.870627e-02,2.109703e+02,1.075611e+01,7.120692e+00,0
481,2.287360e+02,225,844.529,0,0,3.243668e-02,2.108382e+02,1.074921e+01,7.116137e+00,0
482,2.285812e+02,259,846.242,0,0,2.034987e-02,2.107069e+02,1.074234e+01,7.111602e+00,0
483,2.284310e+02,224,847.955,0,0,1.201835e-02,2.105764e+02,1.073550e+01,7.107085e+00,0
484,2.282839e+02,230,849.667,0,0,6.677464e-03,2.104460e+02,1.072869e+01,7.102583e+00,0
485,2.281392e+02,215,851.38,0,0,3.488376e-03,2.103157e+02,1.072192e+01,7.098085e+00,0
486,2.279959e+02,267,853.093,0,0,1.712663e-03,2.101854e+02,1.071518e+01,7.093595e+00,0
487,2.278536e+02,219,854.806,0,0,7.899046e-04,2.100552e+02,1.070846e+01,7.089122e+00,0
488,2.277117e+02,239,856.519,0,0,3.421126e-04,2.099249e+02,1.070178e+01,7.084667e+00,0
489,2.275701e+02,225,858.232,0,0,1.390996e-04,2.097946e+02,1.069510e+01,7.080232e+00,0
490,2.274281e+02,253,859.945,0,0,5.307506e-05,2.096638e+02,1.068842e+01,7.075822e+00,0
491,2.272860e+02,220,861.658,0,0,1.899521e-05,2.095328e+02,1.068177e+01,7.071427e+00,0
492,2.271432e+02,209,863.371,0,0,6.361968e-06,2.094010e+02,1.067516e+01,7.067055e+00,0
493,2.269999e+02,226,865.084,0,0,2.005122e-06,2.092687e+02,1.066857e+01,7.062694e+00,0
494,2.268564e+02,214,866.797,0,0,5.813553e-07,2.091360e+02,1.066202e+01,7.058348e+00,0
495,2.267130e+02,240,868.51,0,0,1.371624e-07,2.090035e+02,1.065550e+01,7.054025e+00,0
496,2.265699e+02,210,870.223,0,0,0,2.088712e+02,1.064902e+01,7.049733e+00,0
497,2.264276e+02,254,871.936,0,0,0,2.087396e+02,1.064255e+01,7.045470e+00,0
498,2.262858e+02,214,873.649,0,0,0,2.086085e+02,1.063611e+01,7.041242e+00,0
499,2.261451e+02,220,875.362,0,0,0,2.084784e+02,1.062970e+01,7.037036e+00,0
500,2.260052e+02,241,877.075,0,0,0,2.083490e+02,1.062333e+01,7.032860e+00,0
501,2.258662e+02,243,878.788,0,0,0,2.082205e+02,1.061701e+01,7.028698e+00,0
502,2.257285e+02,203,880.501,0,0,0,2.080933e+02,1.061074e+01,7.024548e+00,0
503,2.255924e+02,228,882.213,0,0,0,2.079675e+02,1.060450e+01,7.020413e+00,0
504,2.254577e+02,257,883.926,0,0,0,2.078431e+02,1.059831e+01,7.016298e+00,0
505,2.253245e+02,240,885.639,0,0,0,2.077202e+02,1.059213e+01,7.012195e+00,0
506,2.251925e+02,221,887.352,0,0,0,2.075984e+02,1.058597e+01,7.008108e+00,0
507,2.250616e+02,226,889.065,0,0,0,2.074778e+02,1.057984e+01,7.004020e+00,0
508,2.249314e+02,243,890.778,0,0,0,2.073577e+02,1.057374e+01,6.999936e+00,0
509,2.248016e+02,240,892.491,0,0,0,2.072381e+02,1.056766e+01,6.995840e+00,0
510,2.246725e+02,240,894.204,0,0,0,2.071191e+02,1.056161e+01,6.991726e+00,0
511,2.245439e+02,253,895.917,0,0,0,2.070007e+02,1.055557e+01,6.987597e+00,0
512,2.244157e+02,201,897.63,0,0,0,2.068827e+02,1.054954e+01,6.983459e+00,0
513,2.242880e+02,215,899.343,0,0,0,2.067652e+02,1.054350e+01,6.979306e+00,0
514,2.241604e+02,191,901.056,0,0,0,2.066478e+02,1.053745e+01,6.975145e+00,0
515,2.240329e+02,229,902.769,0,0,0,2.065306e+02,1.053139e+01,6.970966e+00,0
516,2.239052e+02,226,904.482,0,0,0,2.064131e+02,1.052534e+01,6.966775e+00,0
517,2.237773e+02,266,906.195,0,0,0,2.062955e+02,1.051928e+01,6.962563e+00,0
518,2.236495e+02,236,907.908,0,0,0,2.061779e+02,1.051322e+01,6.958333e+00,0
519,2.235218e+02,234,909.621,0,0,0,2.060606e+02,1.050714e+01,6.954092e+00,0
520,2.233944e+02,213,911.334,0,0,0,2.059435e+02,1.050107e+01,6.949856e+00,0
521,2.232672e+02,229,913.047,0,0,0,2.058266e+02,1.049496e+01,6.945626e+00,0
522,2.231402e+02,253,914.759,0,0,0,2.057099e+02,1.048884e+01,6.941419e+00,0
523,2.230133e+02,223,916.472,0,0,0,2.055933e+02,1.048271e+01,6.937229e+00,0
524,2.228863e+02,235,918.185,0,0,0,2.054766e+02,1.047658e+01,6.933069e+00,0
525,2.227593e+02,252,919.898,0,0,0,2.053599e+02,1.047046e+01,6.928933e+00,0
526,2.226327e+02,212,921.611,0,0,0,2.052435e+02,1.046435e+01,6.924824e+00,0
527,2.225063e+02,235,923.324,0,0,0,2.051273e+02,1.045825e+01,6.920749e+00,0
528,2.223804e+02,204,925.037,0,0,0,2.050115e+02,1.045218e+01,6.916722e+00,0
529,2.222547e+02,217,926.75,0,0,0,2.048958e+02,1.044610e+01,6.912738e+00,0
530,2.221292e+02,213,928.463,0,0,0,2.047804e+02,1.044003e+01,6.908804e+00,0
531,2.220037e+02,251,930.176,0,0,0,2.046648e+02,1.043400e+01,6.904907e+00,0
532,2.218782e+02,210,931.889,0,0,0,2.045491e+02,1.042799e+01,6.901050e+00,0
533,2.217527e+02,212,933.602,0,0,0,2.044334e+02,1.042203e+01,6.897216e+00,0
534,2.216276e+02,218,935.315,0,0,0,2.043181e+02,1.041609e+01,6.893402e+00,0
535,2.215029e+02,205,937.028,0,0,0,2.042031e+02,1.041018e+01,6.889606e+00,0
536,2.213788e+02,223,938.741,0,0,0,2.040887e+02,1.040430e+01,6.885834e+00,0
537,2.212550e+02,214,940.454,0,0,0,2.039745e+02,1.039842e+01,6.882076e+00,0
538,2.211318e+02,225,942.167,0,0,0,2.038609e+02,1.039256e+01,6.878338e+00,0
539,2.210088e+02,222,943.88,0,0,0,2.037475e+02,1.038672e+01,6.874605e+00,0
540,2.208862e+02,251,945.593,0,0,0,2.036344e+02,1.038091e+01,6.870883e+00,0
541,2.207642e+02,232,947.305,0,0,0,2.035219e+02,1.037513e+01,6.867156e+00,0
542,2.206429e+02,230,949.018,0,0,0,2.034101e+02,1.036937e+01,6.863427e+00,0
543,2.205224e+02,227,950.731,0,0,0,2.032991e+02,1.036363e+01,6.859700e+00,0
544,2.204026e+02,241,952.444,0,0,0,2.031887e+02,1.035791e+01,6.855985e+00,0
545,2.202834e+02,262,954.157,0,0,0,2.030789e+02,1.035221e+01,6.852278e+00,0
546,2.201646e+02,226,955.87,0,0,0,2.029695e+02,1.034653e+01,6.848589e+00,0
547,2.200461e+02,224,957.583,0,0,0,2.028603e+02,1.034089e+01,6.844908e+00,0
548,2.199281e+02,220,959.296,0,0,0,2.027515e+02,1.033528e+01,6.841245e+00,0
549,2.198107e+02,215,961.009,0,0,0,2.026434e+02,1.032972e+01,6.837585e+00,0
550,2.196938e+02,234,962.722,0,0,0,2.025357e+02,1.032419e+01,6.833935e+00,0
551,2.195777e+02,206,964.435,0,0,0,2.024287e+02,1.031870e+01,6.830301e+00,0
552,2.194619e+02,220,966.148,0,0,0,2.023220e+02,1.031322e+01,6.826687e+00,0
553,2.193467e+02,220,967.861,0,0,0,2.022159e+02,1.030776e+01,6.823094e+00,0
554,2.192316e+02,234,969.574,0,0,0,2.021097e+02,1.030232e+01,6.819522e+00,0
555,2.191166e+02,207,971.287,0,0,0,2.020037e+02,1.029691e+01,6.815962e+00,0
556,2.190019e+02,213,973,0,0,0,2.018980e+02,1.029153e+01,6.812415e+00,0
557,2.188875e+02,223,974.713,0,0,0,2.017925e+02,1.028617e+01,6.808868e+00,0
558,2.187733e+02,218,976.426,0,0,0,2.016872e+02,1.028083e+01,6.805324e+00,0
559,2.186592e+02,223,978.139,0,0,0,2.015820e+02,1.027549e+01,6.801790e+00,0
560,2.185451e+02,214,979.851,0,0,0,2.014767e+02,1.027015e+01,6.798263e+00,0
561,2.184305e+02,196,981.564,0,0,0,2.013710e+02,1.026480e+01,6.794748e+00,0
562,2.183155e+02,231,983.277,0,0,0,2.012648e+02,1.025946e+01,6.791236e+00,0
563,2.182001e+02,205,984.99,0,0,0,2.011583e+02,1.025413e+01,6.787728e+00,0
564,2.180846e+02,206,986.703,0,0,0,2.010516e+02,1.024881e+01,6.784216e+00,0
565,2.179688e+02,223,988.416,0,0,0,2.009446e+02,1.024349e+01,6.780696e+00,0
566,2.178531e+02,217,990.129,0,0,0,2.008377e+02,1.023819e+01,6.777174e+00,0
567,2.177372e+02,223,991.842,0,0,0,2.007307e+02,1.023287e+01,6.773659e+00,0
568,2.176214e+02,235,993.555,0,0,0,2.006237e+02,1.022754e+01,6.770147e+00,0
569,2.175055e+02,230,995.268,0,0,0,2.005166e+02,1.022223e+01,6.766647e+00,0
570,2.173898e+02,221,996.981,0,0,0,2.004097e+02,1.021693e+01,6.763148e+00,0
571,2.172746e+02,234,998.694,0,0,0,2.003033e+02,1.021165e+01,6.759659e+00,0
572,2.171602e+02,222,1000.41,0,0,0,2.001976e+02,1.020640e+01,6.756168e+00,0
573,2.170468e+02,196,1002.12,0,0,0,2.000930e+02,1.020117e+01,6.752681e+00,0
574,2.169342e+02,241,1003.83,0,0,0,1.999890e+02,1.019596e+01,6.749206e+00,0
575,2.168227e+02,230,1005.55,0,0,0,1.998861e+02,1.019076e+01,6.745750e+00,0
576,2.167117e+02,215,1007.26,0,0,0,1.997838e+02,1.018559e+01,6.742314e+00,0
577,2.166016e+02,209,1008.97,0,0,0,1.996823e+02,1.018045e+01,6.738899e+00,0
578,2.164925e+02,234,1010.68,0,0,0,1.995816e+02,1.017534e+01,6.735503e+00,0
579,2.163843e+02,219,1012.4,0,0,0,1.994819e+02,1.017028e+01,6.732122e+00,0
580,2.162771e+02,221,1014.11,0,0,0,1.993831e+02,1.016524e+01,6.728752e+00,0
581,2.161706e+02,249,1015.82,0,0,0,1.992850e+02,1.016023e+01,6.725396e+00,0
582,2.160648e+02,215,1017.54,0,0,0,1.991875e+02,1.015523e+01,6.722063e+00,0
583,2.159593e+02,252,1019.25,0,0,0,1.990903e+02,1.015024e+01,6.718746e+00,0
584,2.158540e+02,243,1020.96,0,0,0,1.989933e+02,1.014527e+01,6.715451e+00,0
585,2.157490e+02,218,1022.68,0,0,0,1.988966e+02,1.014032e+01,6.712164e+00,0
586,2.156445e+02,203,1024.39,0,0,0,1.988002e+02,1.013540e+01,6.708888e+00,0
587,2.155402e+02,230,1026.1,0,0,0,1.987041e+02,1.013048e+01,6.705606e+00,0
588,2.154362e+02,223,1027.81,0,0,0,1.986083e+02,1.012558e+01,6.702320e+00,0
589,2.153323e+02,209,1029.53,0,0,0,1.985126e+02,1.012066e+01,6.699033e+00,0
590,2.152282e+02,229,1031.24,0,0,0,1.984168e+02,1.011574e+01,6.695742e+00,0
591,2.151240e+02,218,1032.95,0,0,0,1.983207e+02,1.011081e+01,6.692448e+00,0
592,2.150195e+02,221,1034.67,0,0,0,1.982245e+02,1.010588e+01,6.689144e+00,0
593,2.149152e+02,227,1036.38,0,0,0,1.981284e+02,1.010095e+01,6.685829e+00,0
594,2.148107e+02,221,1038.09,0,0,0,1.980322e+02,1.009602e+01,6.682494e+00,0
595,2.147063e+02,206,1039.8,0,0,0,1.979361e+02,1.009107e+01,6.679138e+00,0
596,2.146016e+02,227,1041.52,0,0,0,1.978398e+02,1.008610e+01,6.675767e+00,0
597,2.144968e+02,213,1043.23,0,0,0,1.977433e+02,1.008110e+01,6.672394e+00,0
598,2.143916e+02,184,1044.94,0,0,0,1.976465e+02,1.007609e+01,6.669020e+00,0
599,2.142863e+02,223,1046.66,0,0,0,1.975496e+02,1.007107e+01,6.665657e+00,0
600,2.141812e+02,236,1048.37,0,0,0,1.974528e+02,1.006605e+01,6.662300e+00,0
601,2.140762e+02,223,1050.08,0,0,0,1.973562e+02,1.006105e+01,6.658958e+00,0
602,2.139717e+02,231,1051.8,0,0,0,1.972600e+02,1.005606e+01,6.655625e+00,0
603,2.138674e+02,192,1053.51,0,0,0,1.971640e+02,1.005108e+01,6.652311e+00,0
604,2.137634e+02,207,1055.22,0,0,0,1.970683e+02,1.004610e+01,6.649028e+00,0
605,2.136596e+02,205,1056.93,0,0,0,1.969727e+02,1.004115e+01,6.645773e+00,0
606,2.135561e+02,212,1058.65,0,0,0,1.968773e+02,1.003623e+01,6.642554e+00,0
607,2.134532e+02,204,1060.36,0,0,0,1.967825e+02,1.003135e+01,6.639357e+00,0
608,2.133507e+02,228,1062.07,0,0,0,1.966880e+02,1.002652e+01,6.636188e+00,0
609,2.132489e+02,219,1063.79,0,0,0,1.965941e+02,1.002171e+01,6.633029e+00,0
610,2.131474e+02,191,1065.5,0,0,0,1.965006e+02,1.001694e+01,6.629884e+00,0
611,2.130462e+02,245,1067.21,0,0,0,1.964072e+02,1.001219e+01,6.626757e+00,0
612,2.129451e+02,181,1068.92,0,0,0,1.963140e+02,1.000745e+01,6.623644e+00,0
613,2.128442e+02,209,1070.64,0,0,0,1.962209e+02,1.000274e+01,6.620549e+00,0
614,2.127439e+02,216,1072.35,0,0,0,1.961283e+02,9.998050e+00,6.617462e+00,0
615,2.126439e+02,227,1074.06,0,0,0,1.960361e+02,9.993390e+00,6.614386e+00,0
616,2.125444e+02,225,1075.78,0,0,0,1.959443e+02,9.988737e+00,6.611305e+00,0
617,2.124452e+02,198,1077.49,0,0,0,1.958528e+02,9.984099e+00,6.608223e+00,0
618,2.123460e+02,207,1079.2,0,0,0,1.957615e+02,9.979449e+00,6.605142e+00,0
619,2.122470e+02,203,1080.92,0,0,0,1.956701e+02,9.974796e+00,6.602067e+00,0
620,2.121480e+02,211,1082.63,0,0,0,1.955788e+02,9.970150e+00,6.598996e+00,0
621,2.120493e+02,209,1084.34,0,0,0,1.954878e+02,9.965502e+00,6.595924e+00,0
622,2.119507e+02,202,1086.05,0,0,0,1.953970e+02,9.960863e+00,6.592854e+00,0
623,2.118521e+02,211,1087.77,0,0,0,1.953062e+02,9.956214e+00,6.589771e+00,0
624,2.117537e+02,223,1089.48,0,0,0,1.952154e+02,9.951564e+00,6.586680e+00,0
625,2.116548e+02,203,1091.19,0,0,0,1.951244e+02,9.946893e+00,6.583584e+00,0
626,2.115558e+02,218,1092.91,0,0,0,1.950331e+02,9.942211e+00,6.580490e+00,0
627,2.114567e+02,223,1094.62,0,0,0,1.949417e+02,9.937534e+00,6.577398e+00,0
628,2.113576e+02,237,1096.33,0,0,0,1.948505e+02,9.932858e+00,6.574309e+00,0
629,2.112589e+02,228,1098.04,0,0,0,1.947594e+02,9.928200e+00,6.571225e+00,0
630,2.111602e+02,253,1099.76,0,0,0,1.946685e+02,9.923547e+00,6.568138e+00,0
631,2.110619e+02,200,1101.47,0,0,0,1.945780e+02,9.918909e+00,6.565051e+00,0
632,2.109636e+02,207,1103.18,0,0,0,1.944874e+02,9.914273e+00,6.561971e+00,0
633,2.108656e+02,196,1104.9,0,0,0,1.943971e+02,9.909651e+00,6.558904e+00,0
634,2.107681e+02,208,1106.61,0,0,0,1.943072e+02,9.905058e+00,6.555851e+00,0
635,2.106709e+02,161,1108.32,0,0,0,1.942176e+02,9.900485e+00,6.552809e+00,0
636,2.105742e+02,197,1110.04,0,0,0,1.941284e+02,9.895943e+00,6.549780e+00,0
637,2.104773e+02,213,1111.75,0,0,0,1.940392e+02,9.891419e+00,6.546751e+00,0
638,2.103801e+02,214,1113.46,0,0,0,1.939494e+02,9.886910e+00,6.543723e+00,0
639,2.102809e+02,214,1115.17,0,0,0,1.938578e+02,9.882404e+00,6.540700e+00,0
640,2.101781e+02,184,1116.89,0,0,0,1.937625e+02,9.877908e+00,6.537686e+00,0
641,2.100683e+02,244,1118.6,0,0,0,1.936602e+02,9.873429e+00,6.534680e+00,0
642,2.099453e+02,190,1120.31,0,0,0,1.935446e+02,9.868959e+00,6.531680e+00,0
643,2.097993e+02,222,1122.03,0,0,0,1.934061e+02,9.864502e+00,6.528689e+00,0
644,2.096148e+02,227,1123.74,0,0,0,1.932290e+02,9.860054e+00,6.525695e+00,0
645,2.093684e+02,204,1125.45,0,0,0,1.929901e+02,9.855597e+00,6.522704e+00,0
646,2.090274e+02,198,1127.16,0,0,0,1.926566e+02,9.851137e+00,6.519721e+00,0
647,2.085466e+02,222,1128.88,0,0,0,1.921832e+02,9.846676e+00,6.516751e+00,0
648,2.078653e+02,217,1130.59,0,0,0,1.915093e+02,9.842221e+00,6.513796e+00,0
649,2.069041e+02,216,1132.3,0,0,0,1.905555e+02,9.837770e+00,6.510852e+00,0
650,2.055548e+02,223,1134.02,0,0,0,1.892136e+02,9.833306e+00,6.507925e+00,0
651,2.036792e+02,216,1135.73,0,0,0,1.873454e+02,9.828824e+00,6.505000e+00,0
652,2.010953e+02,238,1137.44,0,0,0,1.847689e+02,9.824257e+00,6.502082e+00,0
653,1.975794e+02,222,1139.16,0,0,0,1.812607e+02,9.819536e+00,6.499177e+00,0
654,1.928613e+02,182,1140.87,0,0,0,1.765505e+02,9.814520e+00,6.496282e+00,0
655,1.866273e+02,184,1142.58,0,0,0,1.703249e+02,9.808936e+00,6.493402e+00,0
656,1.785719e+02,197,1144.29,0,0,0,1.622790e+02,9.802363e+00,6.490528e+00,0
657,1.684195e+02,187,1146.01,0,0,0,1.521378e+02,9.794090e+00,6.487666e+00,0
658,1.560127e+02,161,1147.72,0,0,0,1.397448e+02,9.783087e+00,6.484799e+00,0
659,1.414352e+02,134,1149.43,0,0,0,1.251854e+02,9.767837e+00,6.481935e+00,0
660,1.250049e+02,128,1151.15,0,0,0,1.087795e+02,9.746266e+00,6.479079e+00,0
661,1.074226e+02,95,1152.86,0,0,0,9.123075e+01,9.715581e+00,6.476225e+00,0
662,8.964259e+01,93,1154.57,0,0,0,7.349713e+01,9.672089e+00,6.473376e+00,0
663,7.263397e+01,94,1156.29,0,0,0,5.655257e+01,9.610884e+00,6.470515e+00,0
664,5.743149e+01,70,1158,0,0,0,4.143837e+01,9.525494e+00,6.467626e+00,0
665,4.455487e+01,41,1159.71,0,0,0,2.868273e+01,9.407480e+00,6.464664e+00,0
666,3.443173e+01,35,1161.42,0,0,0,1.872373e+01,9.246436e+00,6.461562e+00,0
667,2.700442e+01,37,1163.14,0,0,0,1.151692e+01,9.029301e+00,6.458200e+00,0
668,2.186542e+01,35,1164.85,0,0,0,6.669926e+00,8.741136e+00,6.454358e+00,0
669,1.845060e+01,20,1166.56,0,0,0,3.634637e+00,8.366280e+00,6.449686e+00,0
670,1.619563e+01,13,1168.28,0,0,0,1.862552e+00,7.889433e+00,6.443649e+00,0
671,1.463385e+01,21,1169.99,0,0,0,8.971133e-01,7.301304e+00,6.435437e+00,0
672,1.343063e+01,14,1171.7,0,0,0,4.059649e-01,6.600733e+00,6.423932e+00,0
673,1.237921e+01,16,1173.41,0,0,0,1.725348e-01,5.799080e+00,6.407598e+00,0
674,1.138053e+01,14,1175.13,0,0,0,6.884104e-02,4.927295e+00,6.384396e+00,0
675,1.040387e+01,9,1176.84,0,0,0,2.577419e-02,4.026435e+00,6.351660e+00,0
676,9.465021e+00,13,1178.55,0,0,0,9.058398e-03,3.150209e+00,6.305754e+00,0
677,8.595113e+00,8,1180.27,0,0,0,2.980888e-03,2.350050e+00,6.242082e+00,0
678,7.815502e+00,3,1181.98,0,0,0,9.068326e-04,1.659987e+00,6.154608e+00,0
679,7.142337e+00,7,1183.69,0,0,0,2.262471e-04,1.106242e+00,6.035868e+00,0
680,6.571929e+00,6,1185.41,0,0,0,6.227887e-05,6.948778e-01,5.876989e+00,0
681,6.078697e+00,9,1187.12,0,0,0,0,4.110832e-01,5.667614e+00,0
682,5.626591e+00,3,1188.83,0,0,0,0,2.288821e-01,5.397709e+00,0
683,5.178277e+00,5,1190.54,0,0,0,0,1.198651e-01,5.058412e+00,0
684,4.703536e+00,1,1192.26,0,0,0,0,5.901263e-02,4.644524e+00,0
685,4.186477e+00,9,1193.97,0,0,0,0,2.730063e-02,4.159176e+00,0
686,3.624977e+00,1,1195.68,0,0,0,0,1.186317e-02,3.613113e+00,0
687,3.034331e+00,0,1197.4,0,0,0,0,4.840242e-03,3.029491e+00,0
688,2.442153e+00,4,1199.11,0,0,0,0,1.853871e-03,2.440300e+00,0
689,1.878204e+00,2,1200.82,0,0,0,0,6.661843e-04,1.877538e+00,0
690,1.376026e+00,2,1202.53,0,0,0,0,2.242161e-04,1.375802e+00,0
691,9.524834e-01,2,1204.25,0,0,0,0,6.973467e-05,9.524137e-01,0
692,6.218615e-01,4,1205.96,0,0,0,0,2.074175e-05,6.218408e-01,0
693,3.825918e-01,2,1207.67,0,0,0,0,5.000682e-06,3.825868e-01,0
694,2.216378e-01,1,1209.39,0,0,0,0,0,2.216378e-01,0
695,1.208181e-01,1,1211.1,0,0,0,0,0,1.208181e-01,0
696,6.193611e-02,3,1212.81,0,0,0,0,0,6.193611e-02,0
697,2.984438e-02,3,1214.53,0,0,0,0,0,2.984438e-02,0
698,1.351129e-02,1,1216.24,0,0,0,0,0,1.351129e-02,0
699,5.745003e-03,0,1217.95,0,0,0,0,0,5.745003e-03,0
700,2.293391e-03,2,1219.66,0,0,0,0,0,2.293391e-03,0
701,8.591090e-04,2,1221.38,0,0,0,0,0,8.591090e-04,0
702,3.020994e-04,0,1223.09,0,0,0,0,0,3.020994e-04,0
703,9.947594e-05,1,1224.8,0,0,0,0,0,9.947594e-05,0
704,3.029105e-05,1,1226.52,0,0,0,0,0,3.029105e-05,0
705,7.574869e-06,0,1228.23,0,0,0,0,0,7.574869e-06,0
706,2.086120e-06,1,1229.94,0,0,0,0,0,2.086120e-06,0
707,0,0,1231.65,0,0,0,0,0,0,0
708,0,1,1233.37,0,0,0,0,0,0,0
709,0,2,1235.08,0,0,0,0,0,0,0
710,0,0,1236.79,0,0,0,0,0,0,0
711,0,1,1238.51,0,0,0,0,0,0,0
712,0,0,1240.22,0,0,0,0,0,0,0
713,0,4,1241.93,0,0,0,0,0,0,0
714,0,1,1243.65,0,0,0,0,0,0,0
715,0,0,1245.36,0,0,0,0,0,0,0
716,0,2,1247.07,0,0,0,0,0,0,0
717,0,1,1248.78,0,0,0,0,0,0,0
718,0,0,1250.5,0,0,0,0,0,0,0
719,0,0,1252.21,0,0,0,0,0,0,0
720,0,1,1253.92,0,0,0,0,0,0,0
721,0,1,1255.64,0,0,0,0,0,0,0
722,0,0,1257.35,0,0,0,0,0,0,0
723,0,1,1259.06,0,0,0,0,0,0,0
724,0,0,1260.77,0,0,0,0,0,0,0
725,0,0,1262.49,0,0,0,0,0,0,0
726,0,0,1264.2,0,0,0,0,0,0,0
727,0,3,1265.91,0,0,0,0,0,0,0
728,0,0,1267.63,0,0,0,0,0,0,0
729,0,1,1269.34,0,0,0,0,0,0,0
730,0,0,1271.05,0,0,0,0,0,0,0
731,0,1,1272.77,0,0,0,0,0,0,0
732,0,0,1274.48,0,0,0,0,0,0,0
733,0,0,1276.19,0,0,0,0,0,0,0
734,0,1,1277.9,0,0,0,0,0,0,0
735,0,3,1279.62,0,0,0,0,0,0,0
736,0,1,1281.33,0,0,0,0,0,0,0
737,0,0,1283.04,0,0,0,0,0,0,0
738,0,2,1284.76,0,0,0,0,0,0,0
739,0,1,1286.47,0,0,0,0,0,0,0
740,0,2,1288.18,0,0,0,0,0,0,0
741,0,2,1289.89,0,0,0,0,0,0,0
742,0,0,1291.61,0,0,0,0,0,0,0
743,0,0,1293.32,0,0,0,0,0,0,0
744,0,1,1295.03,0,0,0,0,0,0,0
745,0,0,1296.75,0,0,0,0,0,0,0
746,0,0,1298.46,0,0,0,0,0,0,0
747,0,0,1300.17,0,0,0,0,0,0,0
748,0,0,1301.89,0,0,0,0,0,0,0
749,0,0,1303.6,0,0,0,0,0,0,0
750,0,0,1305.31,0,0,0,0,0,0,0
751,0,0,1307.02,0,0,0,0,0,0,0
752,0,1,1308.74,0,0,0,0,0,0,0
753,0,0,1310.45,0,0,0,0,0,0,0
754,0,1,1312.16,0,0,0,0,0,0,0
755,0,0,1313.88,0,0,0,0,0,0,0
756,0,1,1315.59,0,0,0,0,0,0,0
757,0,3,1317.3,0,0,0,0,0,0,0
758,0,1,1319.02,0,0,0,0,0,0,0
759,0,0,1320.73,0,0,0,0,0,0,0
760,0,0,1322.44,0,0,0,0,0,0,0
761,0,1,1324.15,0,0,0,0,0,0,0
762,0,1,1325.87,0,0,0,0,0,0,0
763,0,0,1327.58,0,0,0,0,0,0,0
764,0,0,1329.29,0,0,0,0,0,0,0
765,0,2,1331.01,0,0,0,0,0,0,0
766,0,1,1332.72,0,0,0,0,0,0,0
767,0,2,1334.43,0,0,0,0,0,0,0
768,0,1,1336.14,0,0,0,0,0,0,0
769,0,0,1337.86,0,0,0,0,0,0,0
770,0,1,1339.57,0,0,0,0,0,0,0
771,0,0,1341.28,0,0,0,0,0,0,0
772,0,0,1343,0,0,0,0,0,0,0
773,0,1,1344.71,0,0,0,0,0,0,0
774,0,2,1346.42,0,0,0,0,0,0,0
775,0,0,1348.14,0,0,0,0,0,0,0
776,0,3,1349.85,0,0,0,0,0,0,0
777,0,0,1351.56,0,0,0,0,0,0,0
778,0,0,1353.27,0,0,0,0,0,0,0
779,0,2,1354.99,0,0,0,0,0,0,0
780,0,1,1356.7,0,0,0,0,0,0,0
781,0,2,1358.41,0,0,0,0,0,0,0
782,0,0,1360.13,0,0,0,0,0,0,0
783,0,0,1361.84,0,0,0,0,0,0,0
784,0,1,1363.55,0,0,0,0,0,0,0
785,0,1,1365.26,0,0,0,0,0,0,0
786,0,1,1366.98,0,0,0,0,0,0,0
787,0,1,1368.69,0,0,0,0,0,0,0
788,0,2,1370.4,0,0,0,0,0,0,0
789,0,2,1372.12,0,0,0,0,0,0,0
790,0,1,1373.83,0,0,0,0,0,0,0
791,0,1,1375.54,0,0,0,0,0,0,0
792,0,3,1377.26,0,0,0,0,0,0,0
793,0,1,1378.97,0,0,0,0,0,0,0
794,0,0,1380.68,0,0,0,0,0,0,0
795,0,1,1382.39,0,0,0,0,0,0,0
796,0,2,1384.11,0,0,0,0,0,0,0
797,0,1,1385.82,0,0,0,0,0,0,0
798,0,0,1387.53,0,0,0,0,0,0,0
799,0,1,1389.25,0,0,0,0,0,0,0
800,0,0,1390.96,0,0,0,0,0,0,0
801,0,0,1392.67,0,0,0,0,0,0,0
802,0,2,1394.38,0,0,0,0,0,0,0
803,0,3,1396.1,0,0,0,0,0,0,0
804,0,1,1397.81,0,0,0,0,0,0,0
805,0,0,1399.52,0,0,0,0,0,0,0
806,0,0,1401.24,0,0,0,0,0,0,0
807,0,3,1402.95,0,0,0,0,0,0,0
808,0,1,1404.66,0,0,0,0,0,0,0
809,0,1,1406.38,0,0,0,0,0,0,0
810,0,1,1408.09,0,0,0,0,0,0,0
811,0,0,1409.8,0,0,0,0,0,0,0
812,0,0,1411.51,0,0,0,0,0,0,0
813,0,1,1413.23,0,0,0,0,0,0,0
814,0,1,1414.94,0,0,0,0,0,0,0
815,0,2,1416.65,0,0,0,0,0,0,0
816,0,1,1418.37,0,0,0,0,0,0,0
817,0,0,1420.08,0,0,0,0,0,0,0
818,0,0,1421.79,0,0,0,0,0,0,0
819,0,1,1423.5,0,0,0,0,0,0,0
820,0,1,1425.22,0,0,0,0,0,0,0
821,0,0,1426.93,0,0,0,0,0,0,0
822,0,2,1428.64,0,0,0,0,0,0,0
823,0,1,1430.36,0,0,0,0,0,0,0
824,0,2,1432.07,0,0,0,0,0,0,0
825,0,0,1433.78,0,0,0,0,0,0,0
826,0,0,1435.5,0,0,0,0,0,0,0
827,0,2,1437.21,0,0,0,0,0,0,0
828,0,2,1438.92,0,0,0,0,0,0,0
829,0,1,1440.63,0,0,0,0,0,0,0
830,0,0,1442.35,0,0,0,0,0,0,0
831,0,1,1444.06,0,0,0,0,0,0,0
832,0,0,1445.77,0,0,0,0,0,0,0
833,0,0,1447.49,0,0,0,0,0,0,0
834,0,1,1449.2,0,0,0,0,0,0,0
835,0,0,1450.91,0,0,0,0,0,0,0
836,0,2,1452.62,0,0,0,0,0,0,0
837,0,1,1454.34,0,0,0,0,0,0,0
838,0,0,1456.05,0,0,0,0,0,0,0
839,0,2,1457.76,0,0,0,0,0,0,0
840,0,2,1459.48,0,0,0,0,0,0,0
841,0,1,1461.19,0,0,0,0,0,0,0
842,0,0,1462.9,0,0,0,0,0,0,0
843,0,1,1464.62,0,0,0,0,0,0,0
844,0,0,1466.33,0,0,0,0,0,0,0
845,0,0,1468.04,0,0,0,0,0,0,0
846,0,0,1469.75,0,0,0,0,0,0,0
847,0,1,1471.47,0,0,0,0,0,0,0
848,0,2,1473.18,0,0,0,0,0,0,0
849,0,1,1474.89,0,0,0,0,0,0,0
850,0,0,1476.61,0,0,0,0,0,0,0
851,0,2,1478.32,0,0,0,0,0,0,0
852,0,1,1480.03,0,0,0,0,0,0,0
853,0,1,1481.75,0,0,0,0,0,0,0
854,0,3,1483.46,0,0,0,0,0,0,0
855,0,0,1485.17,0,0,0,0,0,0,0
856,0,1,1486.88,0,0,0,0,0,0,0
857,0,2,1488.6,0,0,0,0,0,0,0
858,0,0,1490.31,0,0,0,0,0,0,0
859,0,1,1492.02,0,0,0,0,0,0,0
860,0,1,1493.74,0,0,0,0,0,0,0
861,0,2,1495.45,0,0,0,0,0,0,0
862,0,0,1497.16,0,0,0,0,0,0,0
863,0,2,1498.87,0,0,0,0,0,0,0
864,0,1,1500.59,0,0,0,0,0,0,0
865,0,1,1502.3,0,0,0,0,0,0,0
866,0,1,1504.01,0,0,0,0,0,0,0
867,0,1,1505.73,0,0,0,0,0,0,0
868,0,1,1507.44,0,0,0,0,0,0,0
869,0,0,1509.15,0,0,0,0,0,0,0
870,0,2,1510.87,0,0,0,0,0,0,0
871,0,1,1512.58,0,0,0,0,0,0,0
872,0,1,1514.29,0,0,0,0,0,0,0
873,0,0,1516,0,0,0,0,0,0,0
874,0,1,1517.72,0,0,0,0,0,0,0
875,0,0,1519.43,0,0,0,0,0,0,0
876,0,1,1521.14,0,0,0,0,0,0,0
877,0,1,1522.86,0,0,0,0,0,0,0
878,0,5,1524.57,0,0,0,0,0,0,0
879,0,1,1526.28,0,0,0,0,0,0,0
880,0,2,1527.99,0,0,0,0,0,0,0
881,0,0,1529.71,0,0,0,0,0,0,0
882,0,3,1531.42,0,0,0,0,0,0,0
883,0,2,1533.13,0,0,0,0,0,0,0
884,0,1,1534.85,0,0,0,0,0,0,0
885,0,0,1536.56,0,0,0,0,0,0,0
886,0,2,1538.27,0,0,0,0,0,0,0
887,0,1,1539.99,0,0,0,0,0,0,0
888,0,1,1541.7,0,0,0,0,0,0,0
889,0,3,1543.41,0,0,0,0,0,0,0
890,0,1,1545.12,0,0,0,0,0,0,0
891,0,1,1546.84,0,0,0,0,0,0,0
892,0,0,1548.55,0,0,0,0,0,0,0
893,0,1,1550.26,0,0,0,0,0,0,0
894,0,2,1551.98,0,0,0,0,0,0,0
895,0,2,1553.69,0,0,0,0,0,0,0
896,0,0,1555.4,0,0,0,0,0,0,0
897,0,4,1557.11,0,0,0,0,0,0,0
898,0,2,1558.83,0,0,0,0,0,0,0
899,0,0,1560.54,0,0,0,0,0,0,0
900,0,2,1562.25,0,0,0,0,0,0,0
901,0,0,1563.97,0,0,0,0,0,0,0
902,0,3,1565.68,0,0,0,0,0,0,0
903,0,1,1567.39,0,0,0,0,0,0,0
904,0,2,1569.11,0,0,0,0,0,0,0
905,0,0,1570.82,0,0,0,0,0,0,0
906,0,2,1572.53,0,0,0,0,0,0,0
907,0,0,1574.24,0,0,0,0,0,0,0
908,0,2,1575.96,0,0,0,0,0,0,0
909,0,3,1577.67,0,0,0,0,0,0,0
910,0,5,1579.38,0,0,0,0,0,0,0
911,0,1,1581.1,0,0,0,0,0,0,0
912,0,1,1582.81,0,0,0,0,0,0,0
913,0,0,1584.52,0,0,0,0,0,0,0
914,0,0,1586.23,0,0,0,0,0,0,0
915,0,1,1587.95,0,0,0,0,0,0,0
916,0,1,1589.66,0,0,0,0,0,0,0
917,0,2,1591.37,0,0,0,0,0,0,0
918,0,2,1593.09,0,0,0,0,0,0,0
919,0,3,1594.8,0,0,0,0,0,0,0
920,0,0,1596.51,0,0,0,0,0,0,0
921,0,1,1598.23,0,0,0,0,0,0,0
922,0,3,1599.94,0,0,0,0,0,0,0
923,0,4,1601.65,0,0,0,0,0,0,0
924,0,0,1603.36,0,0,0,0,0,0,0
925,0,1,1605.08,0,0,0,0,0,0,0
926,0,1,1606.79,0,0,0,0,0,0,0
927,0,4,1608.5,0,0,0,0,0,0,0
928,0,4,1610.22,0,0,0,0,0,0,0
929,0,3,1611.93,0,0,0,0,0,0,0
930,0,1,1613.64,0,0,0,0,0,0,0
931,0,1,1615.35,0,0,0,0,0,0,0
932,0,0,1617.07,0,0,0,0,0,0,0
933,0,2,1618.78,0,0,0,0,0,0,0
934,0,2,1620.49,0,0,0,0,0,0,0
935,0,6,1622.21,0,0,0,0,0,0,0
936,0,2,1623.92,0,0,0,0,0,0,0
937,0,1,1625.63,0,0,0,0,0,0,0
938,0,1,1627.35,0,0,0,0,0,0,0
939,0,3,1629.06,0,0,0,0,0,0,0
940,0,3,1630.77,0,0,0,0,0,0,0
941,0,4,1632.48,0,0,0,0,0,0,0
942,0,1,1634.2,0,0,0,0,0,0,0
943,0,0,1635.91,0,0,0,0,0,0,0
944,0,3,1637.62,0,0,0,0,0,0,0
945,0,2,1639.34,0,0,0,0,0,0,0
946,0,3,1641.05,0,0,0,0,0,0,0
947,0,3,1642.76,0,0,0,0,0,0,0
948,0,5,1644.48,0,0,0,0,0,0,0
949,0,4,1646.19,0,0,0,0,0,0,0
950,0,2,1647.9,0,0,0,0,0,0,0
951,0,0,1649.61,0,0,0,0,0,0,0
952,0,3,1651.33,0,0,0,0,0,0,0
953,0,1,1653.04,0,0,0,0,0,0,0
954,0,4,1654.75,0,0,0,0,0,0,0
955,0,4,1656.47,0,0,0,0,0,0,0
956,0,4,1658.18,0,0,0,0,0,0,0
957,0,3,1659.89,0,0,0,0,0,0,0
958,0,3,1661.6,0,0,0,0,0,0,0
959,0,2,1663.32,0,0,0,0,0,0,0
960,0,3,1665.03,0,0,0,0,0,0,0
961,0,2,1666.74,0,0,0,0,0,0,0
962,0,0,1668.46,0,0,0,0,0,0,0
963,0,5,1670.17,0,0,0,0,0,0,0
964,0,2,1671.88,0,0,0,0,0,0,0
965,0,5,1673.6,0,0,0,0,0,0,0
966,0,0,1675.31,0,0,0,0,0,0,0
967,0,3,1677.02,0,0,0,0,0,0,0
968,0,2,1678.73,0,0,0,0,0,0,0
969,0,3,1680.45,0,0,0,0,0,0,0
970,0,2,1682.16,0,0,0,0,0,0,0
971,0,5,1683.87,0,0,0,0,0,0,0
972,0,0,1685.59,0,0,0,0,0,0,0
973,0,2,1687.3,0,0,0,0,0,0,0
974,0,2,1689.01,0,0,0,0,0,0,0
975,0,0,1690.72,0,0,0,0,0,0,0
976,0,2,1692.44,0,0,0,0,0,0,0
977,0,3,1694.15,0,0,0,0,0,0,0
978,0,3,1695.86,0,0,0,0,0,0,0
979,0,3,1697.58,0,0,0,0,0,0,0
980,0,2,1699.29,0,0,0,0,0,0,0
981,0,4,1701,0,0,0,0,0,0,0
982,0,2,1702.72,0,0,0,0,0,0,0
983,0,3,1704.43,0,0,0,0,0,0,0
984,0,4,1706.14,0,0,0,0,0,0,0
985,0,0,1707.85,0,0,0,0,0,0,0
986,0,1,1709.57,0,0,0,0,0,0,0
987,0,3,1711.28,0,0,0,0,0,0,0
988,0,2,1712.99,0,0,0,0,0,0,0
989,0,2,1714.71,0,0,0,0,0,0,0
990,0,6,1716.42,0,0,0,0,0,0,0
991,0,5,1718.13,0,0,0,0,0,0,0
992,0,2,1719.84,0,0,0,0,0,0,0
993,0,5,1721.56,0,0,0,0,0,0,0
994,0,1,1723.27,0,0,0,0,0,0,0
995,0,4,1724.98,0,0,0,0,0,0,0
996,0,4,1726.7,0,0,0,0,0,0,0
997,0,2,1728.41,0,0,0,0,0,0,0
998,0,4,1730.12,0,0,0,0,0,0,0
999,0,6,1731.84,0,0,0,0,0,0,0
1000,0,3,1733.55,0,0,0,0,0,0,0
1001,0,0,1735.26,0,0,0,0,0,0,0
1002,0,4,1736.97,0,0,0,0,0,0,0
1003,0,3,1738.69,0,0,0,0,0,0,0
1004,0,3,1740.4,0,0,0,0,0,0,0
1005,0,4,1742.11,0,0,0,0,0,0,0
1006,0,5,1743.83,0,0,0,0,0,0,0
1007,0,3,1745.54,0,0,0,0,0,0,0
1008,0,4,1747.25,0,0,0,0,0,0,0
1009,0,2,1748.96,0,0,0,0,0,0,0
1010,0,0,1750.68,0,0,0,0,0,0,0
1011,0,4,1752.39,0,0,0,0,0,0,0
1012,0,9,1754.1,0,0,0,0,0,0,0
1013,0,4,1755.82,0,0,0,0,0,0,0
1014,0,4,1757.53,0,0,0,0,0,0,0
1015,0,2,1759.24,0,0,0,0,0,0,0
1016,0,5,1760.96,0,0,0,0,0,0,0
1017,0,3,1762.67,0,0,0,0,0,0,0
1018,0,2,1764.38,0,0,0,0,0,0,0
1019,0,3,1766.09,0,0,0,0,0,0,0
1020,0,4,1767.81,0,0,0,0,0,0,0
1021,0,2,1769.52,0,0,0,0,0,0,0
1022,0,3,1771.23,0,0,0,0,0,0,0
1023,0,2,1772.95,0,0,0,0,0,0,0
1024,0,6,1774.66,0,0,0,0,0,0,0
1025,0,7,1776.37,0,0,0,0,0,0,0
1026,0,4,1778.08,0,0,0,0,0,0,0
1027,0,4,1779.8,0,0,0,0,0,0,0
1028,0,2,1781.51,0,0,0,0,0,0,0
1029,0,3,1783.22,0,0,0,0,0,0,0
1030,0,7,1784.94,0,0,0,0,0,0,0
1031,0,4,1786.65,0,0,0,0,0,0,0
1032,0,8,1788.36,0,0,0,0,0,0,0
1033,0,5,1790.08,0,0,0,0,0,0,0
1034,0,6,1791.79,0,0,0,0,0,0,0
1035,0,3,1793.5,0,0,0,0,0,0,0
1036,0,7,1795.21,0,0,0,0,0,0,0
1037,0,4,1796.93,0,0,0,0,0,0,0
1038,0,9,1798.64,0,0,0,0,0,0,0
1039,0,8,1800.35,0,0,0,0,0,0,0
1040,0,9,1802.07,0,0,0,0,0,0,0
1041,0,8,1803.78,0,0,0,0,0,0,0
1042,0,9,1805.49,0,0,0,0,0,0,0
1043,0,4,1807.21,0,0,0,0,0,0,0
1044,0,10,1808.92,0,0,0,0,0,0,0
1045,6.217245e-05,14,1810.63,0,0,0,0,0,0,6.217245e-05
1046,1.856259e-04,6,1812.34,0,0,0,0,0,0,1.856259e-04
1047,6.279728e-04,4,1814.06,0,0,0,0,0,0,6.279728e-04
1048,1.733147e-03,7,1815.77,0,0,0,0,0,0,1.733147e-03
1049,4.720770e-03,6,1817.48,0,0,0,0,0,0,4.720770e-03
1050,1.194501e-02,10,1819.2,0,0,0,0,0,0,1.194501e-02
1051,2.912320e-02,8,1820.91,0,0,0,0,0,0,2.912320e-02
1052,6.748409e-02,6,1822.62,0,0,0,0,0,0,6.748409e-02
1053,1.500091e-01,13,1824.33,0,0,0,0,0,0,1.500091e-01
1054,3.188546e-01,16,1826.05,0,0,0,0,0,0,3.188546e-01
1055,6.502367e-01,12,1827.76,0,0,0,0,0,0,6.502367e-01
1056,1.271844e+00,18,1829.47,0,0,0,0,0,0,1.271844e+00
1057,2.390727e+00,27,1831.19,0,0,0,0,0,0,2.390727e+00
1058,4.322475e+00,23,1832.9,0,0,0,0,0,0,4.322475e+00
1059,7.530606e+00,29,1834.61,0,0,0,0,0,0,7.530606e+00
1060,1.266165e+01,28,1836.33,0,0,0,0,0,0,1.266165e+01
1061,2.058666e+01,34,1838.04,0,0,0,0,0,0,2.058666e+01
1062,3.244282e+01,39,1839.75,0,0,0,0,0,0,3.244282e+01
1063,4.966504e+01,72,1841.46,0,0,0,0,0,0,4.966504e+01
1064,7.406626e+01,91,1843.18,0,0,0,0,0,0,7.406626e+01
1065,1.080639e+02,93,1844.89,0,0,0,0,0,0,1.080639e+02
1066,1.545915e+02,161,1846.6,0,0,0,0,0,0,1.545915e+02
1067,2.175214e+02,177,1848.32,0,0,0,0,0,0,2.175214e+02
1068,3.013958e+02,261,1850.03,0,0,0,0,0,0,3.013958e+02
1069,4.119374e+02,374,1851.74,0,0,0,0,0,0,4.119374e+02
1070,5.552008e+02,520,1853.45,0,0,0,0,0,0,5.552008e+02
1071,7.373412e+02,729,1855.17,0,0,0,0,0,0,7.373412e+02
1072,9.626986e+02,926,1856.88,0,0,0,0,0,0,9.626986e+02
1073,1.231058e+03,1236,1858.59,0,0,0,0,0,0,1.231058e+03
1074,1.535328e+03,1618,1860.31,0,0,0,0,0,0,1.535328e+03
1075,1.855354e+03,1880,1862.02,0,0,0,0,0,0,1.855354e+03
1076,2.160416e+03,2293,1863.73,0,0,0,0,0,0,2.160416e+03
1077,2.404177e+03,2437,1865.45,0,0,0,0,0,0,2.404177e+03
1078,2.542019e+03,2549,1867.16,0,0,0,0,0,0,2.542019e+03
1079,2.533179e+03,2532,1868.87,0,0,0,0,0,0,2.533179e+03
1080,2.372648e+03,2275,1870.58,0,0,0,0,0,0,2.372648e+03
1081,2.089406e+03,2141,1872.3,0,0,0,0,0,0,2.089406e+03
1082,1.726223e+03,1720,1874.01,0,0,0,0,0,0,1.726223e+03
1083,1.315767e+03,1294,1875.72,0,0,0,0,0,0,1.315767e+03
1084,9.288881e+02,906,1877.44,0,0,0,0,0,0,9.288881e+02
1085,6.090002e+02,613,1879.15,0,0,0,0,0,0,6.090002e+02
1086,3.714818e+02,387,1880.86,0,0,0,0,0,0,3.714818e+02
1087,2.110986e+02,237,1882.57,0,0,0,0,0,0,2.110986e+02
1088,1.118582e+02,99,1884.29,0,0,0,0,0,0,1.118582e+02
1089,5.530763e+01,58,1886,0,0,0,0,0,0,5.530763e+01
1090,2.553097e+01,20,1887.71,0,0,0,0,0,0,2.553097e+01
1091,1.100739e+01,16,1889.43,0,0,0,0,0,0,1.100739e+01
1092,4.433912e+00,6,1891.14,0,0,0,0,0,0,4.433912e+00
1093,1.669387e+00,2,1892.85,0,0,0,0,0,0,1.669387e+00
1094,5.873142e-01,1,1894.57,0,0,0,0,0,0,5.873142e-01
1095,1.934951e-01,1,1896.28,0,0,0,0,0,0,1.934951e-01
1096,6.044534e-02,0,1897.99,0,0,0,0,0,0,6.044534e-02
1097,1.734535e-02,0,1899.7,0,0,0,0,0,0,1.734535e-02
1098,0,0,1901.42,0,0,0,0,0,0,0
1099,0,0,1903.13,0,0,0,0,0,0,0
1100,0,1,1904.84,0,0,0,0,0,0,0
1101,0,0,1906.56,0,0,0,0,0,0,0
1102,0,0,1908.27,0,0,0,0,0,0,0
1103,0,0,1909.98,0,0,0,0,0,0,0
1104,0,1,1911.69,0,0,0,0,0,0,0
1105,0,3,1913.41,0,0,0,0,0,0,0
1106,0,0,1915.12,0,0,0,0,0,0,0
1107,0,1,1916.83,0,0,0,0,0,0,0
1108,0,0,1918.55,0,0,0,0,0,0,0
1109,0,0,1920.26,0,0,0,0,0,0,0
1110,0,0,1921.97,0,0,0,0,0,0,0
1111,0,0,1923.69,0,0,0,0,0,0,0
1112,0,2,1925.4,0,0,0,0,0,0,0
1113,0,1,1927.11,0,0,0,0,0,0,0
1114,0,1,1928.82,0,0,0,0,0,0,0
1115,0,1,1930.54,0,0,0,0,0,0,0
1116,0,0,1932.25,0,0,0,0,0,0,0
1117,0,0,1933.96,0,0,0,0,0,0,0
1118,0,0,1935.68,0,0,0,0,0,0,0
1119,0,0,1937.39,0,0,0,0,0,0,0
1120,0,0,1939.1,0,0,0,0,0,0,0
1121,0,1,1940.81,0,0,0,0,0,0,0
1122,0,0,1942.53,0,0,0,0,0,0,0
1123,0,0,1944.24,0,0,0,0,0,0,0
1124,0,0,1945.95,0,0,0,0,0,0,0
1125,0,0,1947.67,0,0,0,0,0,0,0
1126,0,1,1949.38,0,0,0,0,0,0,0
1127,0,0,1951.09,0,0,0,0,0,0,0
1128,0,0,1952.81,0,0,0,0,0,0,0
1129,0,1,1954.52,0,0,0,0,0,0,0
1130,0,0,1956.23,0,0,0,0,0,0,0
1131,0,1,1957.94,0,0,0,0,0,0,0
1132,0,0,1959.66,0,0,0,0,0,0,0
1133,0,0,1961.37,0,0,0,0,0,0,0
1134,0,0,1963.08,0,0,0,0,0,0,0
1135,0,0,1964.8,0,0,0,0,0,0,0
1136,0,1,1966.51,0,0,0,0,0,0,0
1137,0,1,1968.22,0,0,0,0,0,0,0
1138,0,0,1969.94,0,0,0,0,0,0,0
1139,0,0,1971.65,0,0,0,0,0,0,0
1140,0,0,1973.36,0,0,0,0,0,0,0
1141,0,2,1975.07,0,0,0,0,0,0,0
1142,0,0,1976.79,0,0,0,0,0,0,0
1143,0,0,1978.5,0,0,0,0,0,0,0
1144,0,1,1980.21,0,0,0,0,0,0,0
1145,0,0,1981.93,0,0,0,0,0,0,0
1146,0,0,1983.64,0,0,0,0,0,0,0
1147,0,0,1985.35,0,0,0,0,0,0,0
1148,0,0,1987.06,0,0,0,0,0,0,0
1149,0,0,1988.78,0,0,0,0,0,0,0
1150,0,1,1990.49,0,0,0,0,0,0,0
1151,0,0,1992.2,0,0,0,0,0,0,0
1152,0,0,1993.92,0,0,0,0,0,0,0
1153,0,1,1995.63,0,0,0,0,0,0,0
1154,0,0,1997.34,0,0,0,0,0,0,0
1155,0,1,1999.06,0,0,0,0,0,0,0
1156,0,0,2000.77,0,0,0,0,0,0,0
1157,0,0,2002.48,0,0,0,0,0,0,0
1158,0,0,2004.19,0,0,0,0,0,0,0
1159,0,0,2005.91,0,0,0,0,0,0,0
1160,0,0,2007.62,0,0,0,0,0,0,0
1161,0,0,2009.33,0,0,0,0,0,0,0
1162,0,1,2011.05,0,0,0,0,0,0,0
1163,0,0,2012.76,0,0,0,0,0,0,0
1164,0,0,2014.47,0,0,0,0,0,0,0
1165,0,0,2016.18,0,0,0,0,0,0,0
1166,0,0,2017.9,0,0,0,0,0,0,0
1167,0,0,2019.61,0,0,0,0,0,0,0
1168,0,0,2021.32,0,0,0,0,0,0,0
1169,0,0,2023.04,0,0,0,0,0,0,0
1170,0,0,2024.75,0,0,0,0,0,0,0
1171,0,0,2026.46,0,0,0,0,0,0,0
1172,0,0,2028.18,0,0,0,0,0,0,0
1173,0,0,2029.89,0,0,0,0,0,0,0
1174,0,0,2031.6,0,0,0,0,0,0,0
1175,0,0,2033.31,0,0,0,0,0,0,0
1176,0,1,2035.03,0,0,0,0,0,0,0
1177,0,0,2036.74,0,0,0,0,0,0,0
1178,0,0,2038.45,0,0,0,0,0,0,0
1179,0,0,2040.17,0,0,0,0,0,0,0
1180,0,0,2041.88,0,0,0,0,0,0,0
1181,0,0,2043.59,0,0,0,0,0,0,0
1182,0,0,2045.3,0,0,0,0,0,0,0
1183,0,0,2047.02,0,0,0,0,0,0,0
1184,0,0,2048.73,0,0,0,0,0,0,0
1185,0,0,2050.44,0,0,0,0,0,0,0
1186,0,0,2052.16,0,0,0,0,0,0,0
1187,0,0,2053.87,0,0,0,0,0,0,0
1188,0,0,2055.58,0,0,0,0,0,0,0
1189,0,1,2057.3,0,0,0,0,0,0,0
1190,0,0,2059.01,0,0,0,0,0,0,0
1191,0,0,2060.72,0,0,0,0,0,0,0
1192,0,0,2062.43,0,0,0,0,0,0,0
1193,0,0,2064.15,0,0,0,0,0,0,0
1194,0,0,2065.86,0,0,0,0,0,0,0
1195,0,0,2067.57,0,0,0,0,0,0,0
1196,0,0,2069.29,0,0,0,0,0,0,0
1197,0,0,2071,0,0,0,0,0,0,0
1198,0,0,2072.71,0,0,0,0,0,0,0
1199,0,0,2074.42,0,0,0,0,0,0,0
1200,0,0,2076.14,0,0,0,0,0,0,0
1201,0,0,2077.85,0,0,0,0,0,0,0
1202,0,0,2079.56,0,0,0,0,0,0,0
1203,0,0,2081.28,0,0,0,0,0,0,0
1204,0,0,2082.99,0,0,0,0,0,0,0
1205,0,0,2084.7,0,0,0,0,0,0,0
1206,0,0,2086.42,0,0,0,0,0,0,0
1207,0,0,2088.13,0,0,0,0,0,0,0
1208,0,0,2089.84,0,0,0,0,0,0,0
1209,0,0,2091.55,0,0,0,0,0,0,0
1210,0,0,2093.27,0,0,0,0,0,0,0
1211,0,0,2094.98,0,0,0,0,0,0,0
1212,0,0,2096.69,0,0,0,0,0,0,0
1213,0,0,2098.41,0,0,0,0,0,0,0
1214,0,0,2100.12,0,0,0,0,0,0,0
1215,0,0,2101.83,0,0,0,0,0,0,0
1216,0,0,2103.54,0,0,0,0,0,0,0
1217,0,1,2105.26,0,0,0,0,0,0,0
1218,0,0,2106.97,0,0,0,0,0,0,0
1219,0,0,2108.68,0,0,0,0,0,0,0
1220,0,0,2110.4,0,0,0,0,0,0,0
1221,0,0,2112.11,0,0,0,0,0,0,0
1222,0,0,2113.82,0,0,0,0,0,0,0
1223,0,0,2115.54,0,0,0,0,0,0,0
1224,0,0,2117.25,0,0,0,0,0,0,0
1225,0,0,2118.96,0,0,0,0,0,0,0
1226,0,0,2120.67,0,0,0,0,0,0,0
1227,0,0,2122.39,0,0,0,0,0,0,0
1228,0,0,2124.1,0,0,0,0,0,0,0
1229,0,0,2125.81,0,0,0,0,0,0,0
1230,0,0,2127.53,0,0,0,0,0,0,0
1231,0,0,2129.24,0,0,0,0,0,0,0
1232,0,1,2130.95,0,0,0,0,0,0,0
1233,0,0,2132.67,0,0,0,0,0,0,0
1234,0,0,2134.38,0,0,0,0,0,0,0
1235,0,0,2136.09,0,0,0,0,0,0,0
1236,0,0,2137.8,0,0,0,0,0,0,0
1237,0,0,2139.52,0,0,0,0,0,0,0
1238,0,0,2141.23,0,0,0,0,0,0,0
1239,0,0,2142.94,0,0,0,0,0,0,0
1240,0,0,2144.66,0,0,0,0,0,0,0
1241,0,0,2146.37,0,0,0,0,0,0,0
1242,0,0,2148.08,0,0,0,0,0,0,0
1243,0,0,2149.79,0,0,0,0,0,0,0
1244,0,0,2151.51,0,0,0,0,0,0,0
1245,0,0,2153.22,0,0,0,0,0,0,0
1246,0,0,2154.93,0,0,0,0,0,0,0
1247,0,0,2156.65,0,0,0,0,0,0,0
1248,0,0,2158.36,0,0,0,0,0,0,0
1249,0,0,2160.07,0,0,0,0,0,0,0
1250,0,0,2161.79,0,0,0,0,0,0,0
1251,0,0,2163.5,0,0,0,0,0,0,0
1252,0,0,2165.21,0,0,0,0,0,0,0
1253,0,0,2166.92,0,0,0,0,0,0,0
1254,0,0,2168.64,0,0,0,0,0,0,0
1255,0,0,2170.35,0,0,0,0,0,0,0
1256,0,0,2172.06,0,0,0,0,0,0,0
1257,0,0,2173.78,0,0,0,0,0,0,0
1258,0,0,2175.49,0,0,0,0,0,0,0
1259,0,0,2177.2,0,0,0,0,0,0,0
1260,0,0,2178.91,0,0,0,0,0,0,0
1261,0,0,2180.63,0,0,0,0,0,0,0
1262,0,0,2182.34,0,0,0,0,0,0,0
1263,0,0,2184.05,0,0,0,0,0,0,0
1264,0,0,2185.77,0,0,0,0,0,0,0
1265,0,0,2187.48,0,0,0,0,0,0,0
1266,0,0,2189.19,0,0,0,0,0,0,0
1267,0,0,2190.91,0,0,0,0,0,0,0
1268,0,0,2192.62,0,0,0,0,0,0,0
1269,0,0,2194.33,0,0,0,0,0,0,0
1270,0,0,2196.04,0,0,0,0,0,0,0
1271,0,0,2197.76,0,0,0,0,0,0,0
1272,0,0,2199.47,0,0,0,0,0,0,0
1273,0,0,2201.18,0,0,0,0,0,0,0
1274,0,0,2202.9,0,0,0,0,0,0,0
1275,0,0,2204.61,0,0,0,0,0,0,0
1276,0,0,2206.32,0,0,0,0,0,0,0
1277,0,0,2208.03,0,0,0,0,0,0,0
1278,0,0,2209.75,0,0,0,0,0,0,0
1279,0,0,2211.46,0,0,0,0,0,0,0
1280,0,0,2213.17,0,0,0,0,0,0,0
1281,0,0,2214.89,0,0,0,0,0,0,0
1282,0,1,2216.6,0,0,0,0,0,0,0
1283,0,0,2218.31,0,0,0,0,0,0,0
1284,0,0,2220.03,0,0,0,0,0,0,0
1285,0,0,2221.74,0,0,0,0,0,0,0
1286,0,0,2223.45,0,0,0,0,0,0,0
1287,0,0,2225.16,0,0,0,0,0,0,0
1288,0,0,2226.88,0,0,0,0,0,0,0
1289,0,0,2228.59,0,0,0,0,0,0,0
